,id,color1,color2,color3,color4
0,painting539,#000002,#7D7F7E,#202020,#EAE7E0
1,painting505,#E1E6EA,#2B2B2D,#E0CBD4,#B093C1
2,painting263,#EEF5FF,#1C4273,#C1D1E1,#2A4968
3,painting277,#F9FAFE,#00BDF5,#F7D961,#FBE494
4,painting511,#FFFFFF,#AAB1A9,#958878,#C7D2C4
5,painting1319,#D9CAA3,#65B0CF,#EAE299,#AEA18E
6,painting288,#577470,#826569,#636154,#524B53
7,painting1325,#C8C5B2,#1E2341,#2D4A2C,#A15730
8,painting1331,#454640,#3C2C1D,#3B1309,#252620
9,painting707,#E27C66,#F4CF36,#11120C,#E2D5C4
10,painting713,#F6ECE2,#FDB271,#D4CAC1,#3B3229
11,painting920,#2A261B,#50401F,#6D521D,#1B1A1F
12,painting934,#5F5848,#000013,#FFFFFF,#4C3C2D
13,painting1127,#E5E3E4,#B3AEA8,#2B2A28,#0A0617
14,painting908,#FFFFFF,#05254C,#26486E,#DCDCDC
15,painting1133,#46517F,#34393F,#0D0C12,#585D63
16,painting129,#171715,#DD9563,#CD6E36,#391A18
17,painting897,#292116,#090806,#423620,
18,painting883,#8A8F92,#71706E,#C0A8B6,#323641
19,painting115,#FFFFFF,#191919,#323234,#454E57
20,painting1090,#9E1F3C,#0C559A,#B391B2,#A21027
21,painting673,#EBEBEB,#CA302E,#E2C4C2,#B5A293
22,painting1084,#363835,#7E3F3A,#779186,#421D15
23,painting667,#EEEEF0,#000000,#707070,#323232
24,painting101,#F3F3F3,#CDCCCA,#BEB7A4,
25,painting854,#F3F3F3,#0D120E,#500107,#CDCDCB
26,painting32,#EBEAE6,#C7AF95,#D3CCBC,#70665C
27,painting26,#696357,#CBC6B0,#838270,#F1EECF
28,painting698,#FEFEFE,#BDBCC2,#5B6D83,#72838A
29,painting840,#AB291B,#1E3138,#FFFFFF,#C84D2C
30,painting1053,#E2E3E7,#B2A690,#826D34,#161415
31,painting868,#2D3236,#C3AE7F,#12130E,#9F8960
32,painting1047,#180D35,#F0DFCF,#AD4E62,#F1B4B3
33,painting459,#FFFFFF,#374665,#201F1D,#8FD4FD
34,painting471,#895142,#D8D3CF,#031D68,#0A4121
35,painting1292,#E5E5E5,#A0C2CC,#E2C9C2,#B4ADA3
36,painting317,#F3F3F3,#651D20,#17354F,#3B2625
37,painting303,#F3F3F3,#A5380D,#B86A22,#CA5721
38,painting465,#77AD9F,#000400,#212121,#9FBEB8
39,painting1286,#140E0E,#96643F,#7B4D36,#29120C
40,painting1279,#F7F7F9,#D1DDEB,#F9E2F2,#1D69BF
41,painting1251,#170F0C,#5D1E15,#351814,#7A2015
42,painting1245,#FFFFFF,#CF93D1,#1A1915,#C5CB47
43,painting1244,#191917,#F0F0F2,#41372B,#CD3935
44,painting1250,#000000,#D1A47B,#C9A83F,#D0BE8C
45,painting1278,#FFFFFF,#EF377D,#231F20,#F791B8
46,painting302,#F3F3F3,#A37F65,#898471,#C7C7C7
47,painting1287,#213A63,#354E86,#121621,#5D70AA
48,painting464,#D0D0D0,#454545,#6E7472,#6DA3BF
49,painting1293,#21201B,#31341F,#4D503B,#3D421A
50,painting470,#181914,#653E51,#814F50,#A7718B
51,painting316,#77A299,#626353,#3B2B1E,#1E1F19
52,painting458,#4C4332,#6C583F,#8A765E,#E5C8AA
53,painting1046,#B3C6CD,#D82600,#7CA8B5,#5A8490
54,painting869,#FF712F,#0082C8,#D4295E,#F5F1F0
55,painting1052,#242527,#B2BBC4,#9DA49D,#3C3A2E
56,painting841,#FFFFFF,#221F1A,#DDD1BB,#A85243
57,painting699,#F3F3F3,#B62C12,#268A58,#26243A
58,painting27,#010101,#210F03,#937D66,#322008
59,painting33,#EFEEEA,#D2BEA5,#1E1818,#8F877C
60,painting855,#353A33,#44343F,#D6B2A6,#0C0A0B
61,painting666,#16A3D8,#64D9E3,#00B7B9,#6FBBCB
62,painting1085,#CAAB1F,#1B1B27,#DD4726,#E88617
63,painting100,#E1E1E1,#424450,#909090,#BEBEBE
64,painting114,#D6DCDC,#B4BABA,#8D8777,#8D9296
65,painting672,#FFFFFF,#1E1D25,#2C7C9D,#057EDB
66,painting1091,#D3D4CE,#D4C0A5,#CCABC6,#8FA799
67,painting882,#D5CAAA,#2B3F3E,#121619,#A9B4AC
68,painting128,#E2D5CF,#C08F66,#E0C8AE,#C6A78B
69,painting896,#B4B9BD,#8F969E,#6E7780,#4F5660
70,painting1132,#279C96,#5AC2C3,#025C5C,#6C1110
71,painting909,#5C3331,#BEB4B2,#C69284,#7E708A
72,painting1126,#231111,#039533,#C4120E,#F6D2DC
73,painting935,#353432,#2C9294,#D2E0E9,#298FA8
74,painting921,#FFF38F,#85BADA,#93BF74,#A7CF9A
75,painting712,#EEF2F3,#CAE1F3,#D9EAD7,#AAE8F5
76,painting706,#E8E5D4,#FFFFFF,#4A403E,#1E3044
77,painting1330,#688DA0,#97A0B1,#2D4640,#C6C7C1
78,painting1324,#76A8C9,#AB8638,#507B9B,#D59635
79,painting289,#F9EED2,#D3E6F5,#C8BFB0,#344D6C
80,painting1318,#F0F0F2,#C7C7BB,#322D34,#141519
81,painting276,#96C7FF,#97BBDD,#000013,#9CC9B4
82,painting510,#F0F0F2,#3B7CA6,#EEA7A5,#E0C492
83,painting504,#FD6152,#3B3B39,#000000,#FFFFFF
84,painting262,#84D9EE,#C5E2E8,#DBE3D4,#00B5E2
85,painting538,#644622,#A87E4C,#E3E1CC,#423A37
86,painting248,#198FB3,#176395,#2FB2CE,#1C210D
87,painting512,#4C463A,#2F3130,#6A6456,#846249
88,painting274,#FFFFFF,#DCDCDC,#838488,#414244
89,painting260,#DB965B,#DEBFA3,#A6CDC8,#014760
90,painting506,#DED9BC,#AE9E8F,#726A67,#2B2225
91,painting1332,#BFB09D,#1A1B1D,#D8DAD9,#87240F
92,painting1440,#D0D8DB,#C1B8B9,#9A9B95,#777A71
93,painting1326,#534B70,#6A79A2,#ACCAE4,#E5C1CD
94,painting738,#191C21,#DBC3A7,#E93804,#21362F
95,painting710,#131433,#0164C9,#17194A,#5282D6
96,painting704,#A3A4A6,#FFFFFD,#4D4E50,#7F8082
97,painting937,#DCD8D5,#775E48,#4F5553,#2E302F
98,painting923,#766D42,#A9AE6C,#898D50,#DDD49D
99,painting1118,#F8F8F8,#A8E3DF,#FFF500,#644644
100,painting1130,#FFFFFF,#121117,#854D32,#D6C4AC
101,painting1124,#FFFFFF,#DCDCDC,#444444,#B8B8B8
102,painting880,#F3F3F3,#E4D0C5,#E9BAA8,#D3925C
103,painting658,#EDF2F6,#CDC9BD,#C1AA8A,#7D7369
104,painting894,#6C7E82,#9AB19D,#A9C8CB,#334350
105,painting102,#A3D4E3,#FFFFFF,#161D23,#2A3740
106,painting664,#FFFFFF,#AA4646,#763531,#E2DDD7
107,painting1087,#6C6D68,#9D9483,#BDB39A,#86755B
108,painting670,#8F7F6F,#60594F,#383023,#000000
109,painting1093,#F7EFEC,#BEB5B6,#0E162B,#6F889E
110,painting116,#5C5E73,#3C3942,#969DA7,#B7AA9A
111,painting25,#FCE55B,#FDF495,#7B8C96,#59666C
112,painting1078,#B6A685,#2B2321,#442E21,#65422F
113,painting843,#91A3B9,#746C3E,#96742C,#41516A
114,painting857,#40423F,#D4C9B3,#D3B287,#635D51
115,painting31,#2F271C,#4C4030,#655E4C,#917F67
116,painting1044,#BFC4CA,#A4A4A4,#7D8184,#B4BDAA
117,painting19,#8192A2,#CFD8DD,#4B5561,#6F5642
118,painting1050,#FFFFFF,#D76668,#23272A,#DBDCDE
119,painting328,#5681A3,#504B38,#736536,#262B2F
120,painting1285,#48494D,#33302B,#A37C43,#625B51
121,painting466,#E5E4E0,#CAC4B8,#ABA299,#6B6358
122,painting300,#13140F,#3F4B3F,#2A2E20,#694C20
123,painting314,#DDDED8,#C4BAC2,#775961,#BA9F94
124,painting1291,#D1CAB8,#323234,#5B5B59,#989993
125,painting472,#050402,#01BBC8,#C0753C,#EDEDEB
126,painting499,#FFFFFD,#010000,#282828,#DDDCD8
127,painting1246,#ADA397,#3B1D1B,#950013,#005947
128,painting1252,#FFFFFF,#051B4A,#27568C,#000120
129,painting1253,#FFFFFF,#B9B6B1,#67675D,#1E1E1C
130,painting1247,#FFFFFF,#C8B0A6,#DCDDCD,#A58171
131,painting498,#E1EDFB,#C2D5F3,#C9BFBE,#B69DA0
132,painting315,#FCFFFF,#000013,#E1DAD2,#0C0D29
133,painting473,#F3F3F3,#B19A32,#D0C188,#AB864F
134,painting1290,#F3F3F3,#100F15,#122631,#19152C
135,painting467,#EF270E,#EBEBEB,#FF643B,#631700
136,painting1284,#7A6E60,#484943,#4D9071,#98998B
137,painting301,#587062,#6E4E37,#4B524B,#313630
138,painting329,#FFFFFF,#CECFC7,#AEADA9,#958C83
139,painting1051,#21201B,#49463D,#BCB8AF,#686459
140,painting18,#0F0F0F,#2A2A2C,#DCD2C6,#C9B495
141,painting1045,#374244,#001212,#507484,#C8D2D4
142,painting30,#DEDFE1,#BBA192,#3F8092,#815262
143,painting856,#090909,#1B2733,#223E53,#1D2015
144,painting842,#F0F0EE,#779DB4,#D5B0AA,#0A0A0A
145,painting1079,#8F907E,#C2B6A8,#6E6057,#C8A07D
146,painting24,#F4F4F4,#51556E,#00726A,#82996F
147,painting1092,#81676A,#3C3032,#9A6931,#C2924A
148,painting671,#FA9989,#7194B0,#938072,#755603
149,painting117,#8FA1A3,#3C4356,#161115,#818898
150,painting103,#7C7DAB,#92D087,#0A0B0F,#44484B
151,painting1086,#578AB7,#695AAD,#B1C3C5,#7F80B0
152,painting665,#1C1B20,#3497B6,#45607B,#34353A
153,painting895,#FFFFFF,#000000,#F1ABB3,#CD4E59
154,painting659,#FFFFFF,#F6525B,#74542E,#523515
155,painting881,#95A9AA,#8D7873,#49352E,#D6C3B2
156,painting1125,#0F1012,#2A1618,#1F2630,#82462A
157,painting1131,#E3C9A8,#C0AE98,#0264C7,#7E775D
158,painting1119,#35413F,#577074,#504C29,#50361B
159,painting922,#74041D,#DCCBAD,#E2DEDF,#0B0A10
160,painting936,#444341,#FFFFFF,#202020,#62615F
161,painting705,#C8C1AF,#5C583B,#E8EBFA,#9C9B86
162,painting711,#FFFEFC,#93E0FC,#67BFE3,#E3D8DC
163,painting739,#060F14,#1E2B31,#295691,#A28654
164,painting1327,#010101,#302C2D,#4A514A,#6D6966
165,painting1333,#262729,#E5E4D2,#C4CAC6,#6D7170
166,painting261,#F1F1F1,#C9D2D9,#090D18,#A6ACB8
167,painting507,#0A0A3C,#111216,#262533,#060227
168,painting513,#E6E8E7,#0B090A,#C2C1BD,#85868B
169,painting275,#FFFFFD,#4B4F52,#1C1C1C,#FF7000
170,painting249,#0A0A0A,#262624,#5B5D5C,#E5E5E3
171,painting271,#7FDBCE,#9E7F63,#A7978A,#C79B74
172,painting517,#DADFE3,#A5C3DD,#51698B,#163A46
173,painting503,#D6CFC5,#CFC095,#BF9D6F,#091150
174,painting265,#D2D4D3,#0C0C0C,#ABABA3,#302B27
175,painting259,#35353D,#EEECED,#4F4F4F,#B2B2B2
176,painting1337,#D4D8D9,#414862,#121622,#3E4346
177,painting1323,#0F1126,#CD6D45,#A27F49,#626959
178,painting715,#F3F3F3,#33516D,#646020,#2A3D44
179,painting701,#EDEDED,#252A2E,#C9C9C7,#AEA2AE
180,painting729,#8EA6B0,#FFFFFF,#010000,#24201D
181,painting1135,#3A3434,#544E58,#7C858A,#516667
182,painting1121,#E1E7E5,#013E5B,#D6C8AE,#414129
183,painting932,#A8AFBF,#E2DCCC,#7694AE,#2E6CA5
184,painting1109,#845307,#0B1320,#DEA03B,#0D0F0A
185,painting926,#FFFEFF,#B4BBC1,#7BAADE,#DCEDFF
186,painting661,#F7F8FA,#018137,#D4CFBC,#009531
187,painting1082,#E1E0E5,#A2BDD0,#6791A9,#016187
188,painting107,#53525A,#726F50,#3E3F3A,#201F0B
189,painting113,#003B4D,#004B47,#00665B,#00417B
190,painting675,#0C0B09,#35393C,#E9E8D4,#FFFFFD
191,painting1096,#B3A42D,#9B8426,#080705,#71631C
192,painting885,#918E89,#CCC2B8,#704D2D,#6F7060
193,painting891,#1E2128,#8D4350,#383B42,#D29506
194,painting649,#F2EEE2,#8C96A2,#CACAC2,#281C2A
195,painting1041,#684100,#C6D5D8,#FFFFFF,#875D13
196,painting1055,#CB7D79,#BE5236,#8C3433,#38263C
197,painting20,#A6A39C,#C7CBCE,#FF0078,#FF004F
198,painting846,#F3F3F3,#D6B202,#2073C3,#A90F11
199,painting1069,#36322F,#DDD9CD,#8EA0AC,#576474
200,painting852,#E0D9C7,#6B6686,#454569,#DBE0E4
201,painting34,#1C1C1C,#4F3B32,#A79378,#C9C2B8
202,painting305,#FFFFFF,#6C8FC5,#C4CCF0,#9199BD
203,painting1280,#3A3A38,#C69978,#4E2100,#F36C01
204,painting463,#AFAA84,#737369,#D0CAA8,#C8C4B9
205,painting1294,#A5BC9F,#92CBBC,#F2F2F2,#94AC7A
206,painting477,#FCF3CC,#705C41,#E4CE9D,#94805B
207,painting311,#B0B1AB,#F4F8F7,#957E84,#655555
208,painting339,#4F4E54,#89717F,#9A846F,#2B292A
209,painting1243,#F9F3DD,#0261A5,#0E0000,#780001
210,painting1257,#E1DCC8,#DF4513,#0274A6,#638CC0
211,painting488,#F3F3F3,#D0D0D0,#C2A03F,#1E2128
212,painting489,#19406B,#071313,#102230,#29556E
213,painting1256,#DECEBE,#6B6A68,#18181A,#FFFEFF
214,painting1242,#EFA0BF,#D2D9D1,#C771A2,#E6DAA0
215,painting338,#12110F,#331713,#FEFEFE,#4C1915
216,painting476,#831311,#FFFFFF,#F4D330,#DAC23E
217,painting1295,#F8F8FA,#D5D5D5,#B3B3B3,#939393
218,painting310,#E1D6C4,#152026,#483436,#394046
219,painting304,#E1E3E2,#ADD8D1,#96AFF2,#DA2917
220,painting462,#E2E3DB,#A6929D,#856A7B,#372D35
221,painting1281,#B4ADA3,#595450,#272727,#E4DCCF
222,painting35,#8FD7EF,#DBF4F0,#E1C468,#1D1C18
223,painting853,#BBC0C3,#919096,#A28A72,#6B6C71
224,painting1068,#4A4A2E,#875D61,#1C3635,#CB6C2C
225,painting847,#E8E8E8,#F1C2D4,#B7A597,#181818
226,painting21,#000000,#EDE8D2,#F4CF64,#7DA2CC
227,painting1054,#EBEBEB,#BCDCAA,#9FC4B2,#94E15F
228,painting1040,#B2D1E3,#010000,#21211F,#C7C7C5
229,painting648,#FFFFFF,#DCDCDC,#000000,#1D2025
230,painting890,#13161D,#3D4248,#DCC788,#B8AC78
231,painting884,#B8BDC3,#F8F9FE,#A39997,#18171D
232,painting112,#E9E4D1,#7BCBF0,#AF4643,#D16C4E
233,painting1097,#EEEEEC,#275370,#16344E,#14202E
234,painting674,#744726,#202A29,#532525,#7B5643
235,painting1083,#E4C6AC,#EDE4D5,#494949,#262217
236,painting660,#4C3638,#F7F7F7,#5F2232,#635554
237,painting106,#C9C0AF,#ACA08A,#8D806D,
238,painting927,#352724,#90C0E4,#0B0100,#47423F
239,painting1108,#7C6A68,#0D161D,#E91500,#BA1708
240,painting933,#E3DFD6,#29221C,#7C8448,#704F2E
241,painting1120,#DBD3D0,#0D0906,#BF2201,#001C99
242,painting1134,#E2E5EA,#B8B4A8,#706961,#B09970
243,painting728,#23253E,#3E4059,#050505,#5B5D72
244,painting700,#EAEAE8,#252525,#D9CDB7,#C1C4C9
245,painting714,#AB9A86,#BA8E5F,#E1B183,#81502F
246,painting1322,#A1A9C0,#B7D8E7,#BEBFB9,#9BB7A0
247,painting1336,#FDBA5F,#4B2A17,#291E1C,#BAD0A2
248,painting258,#FFFFFF,#706F75,#231F20,#DCDCDC
249,painting502,#F9F3E7,#D6D0C4,#5E99B7,#B5AEA6
250,painting264,#CA4D39,#FFFFFF,#CC781E,#AA3933
251,painting270,#E1CDB2,#D4D2D3,#80552A,#B7A597
252,painting516,#BFC1B3,#27282C,#3D4343,#5A5F5B
253,painting266,#A0A199,#D2D3CE,#56534E,#121214
254,painting500,#EDE901,#6E8F3E,#304228,#4C673E
255,painting514,#2A2B47,#44465F,#050507,#61637A
256,painting272,#E5E3E4,#1F180E,#65472D,#B4AFA9
257,painting528,#63BBAB,#59A3A2,#D6B45D,#00214E
258,painting1320,#0060AA,#040507,#162119,#343925
259,painting1334,#E3C798,#000000,#92BADE,#EBEBEB
260,painting299,#F5F2E3,#050402,#25221B,#5A5750
261,painting1308,#4E161F,#E8A204,#EBE9EA,#C47B48
262,painting702,#488B91,#01637E,#B49A8B,#003F62
263,painting716,#BCCEF6,#121921,#01BCC5,#C587D2
264,painting919,#463C3D,#2A1E1E,#742B3E,#695844
265,painting1122,#34373C,#020202,#ADA6B8,#FAFBF6
266,painting1136,#DBB2A0,#6EB2D7,#523F2E,#28282A
267,painting925,#7A8273,#B9A781,#1D1C17,#383429
268,painting931,#E3DCCA,#8BBF41,#C8C8A6,#9EB55B
269,painting1095,#E5EAF0,#AEC9E4,#769CC1,#074C8F
270,painting676,#D3A7B4,#EAB533,#D58F8F,#C35A56
271,painting110,#28231D,#483F36,#CBBBA2,#685E52
272,painting104,#252525,#6D6E69,#444442,#8C8D88
273,painting1081,#161513,#F3F3F3,#2F2E2C,#CFCFCF
274,painting662,#030000,#D9C06E,#242424,#DFCA93
275,painting892,#CECABF,#86D1BD,#B0A89B,#8C8769
276,painting138,#B8B6AA,#FFFFFF,#B3B5C1,#817F73
277,painting886,#090909,#FFFFFF,#201E12,#B0AB98
278,painting1056,#473939,#613E38,#055C70,#19110F
279,painting1042,#E59186,#D9D4CE,#FFFFFB,#D97462
280,painting879,#EEEDEB,#CBCBC9,#ABAAA5,#1B1718
281,painting689,#CCD8E4,#8FD7F0,#52CCF1,#CD0102
282,painting851,#131311,#E94029,#1F3ED6,#2B2F38
283,painting37,#181A15,#2F342E,#43492F,#B8A36C
284,painting23,#CEC8B8,#171612,#CAAC94,#A89E94
285,painting845,#A4A8B1,#BEA79F,#957578,#511F20
286,painting312,#6C7D84,#6A5B58,#1D1C21,#C07D6A
287,painting474,#E0B6C2,#9FB4D1,#0944A8,#DE84A7
288,painting1297,#EAEAEC,#24201F,#C7CAD3,#3C3A3D
289,painting460,#CDCEC9,#ABACA7,#1D1D1D,#2E762C
290,painting1283,#FE5768,#FFFFFF,#000002,#251D1A
291,painting306,#F4ECEA,#008CB4,#17181D,#8F8200
292,painting448,#FFFFFF,#C3C7CA,#B7D8E7,#BC9BBA
293,painting1254,#FFFFFF,#0D0D0D,#22B11B,#8DC73D
294,painting1240,#DADADA,#757575,#FFFFFF,#000000
295,painting1268,#5E7559,#35343A,#CBCCC6,#9FAC81
296,painting1269,#F1F0F5,#87561B,#EC9095,#503C35
297,painting1241,#EAEBE5,#ECBEC0,#D1D9C1,#1D1D1D
298,painting1255,#D67D09,#C8DEF3,#77CCE1,#E7A05E
299,painting449,#F2EBD9,#071321,#3961D3,#B9A290
300,painting1282,#BCC1C7,#A29688,#98B6D0,#645445
301,painting461,#B3B2B8,#89B9AB,#235463,#7999A4
302,painting307,#FFFFFF,#DBDBDB,#BDB6B0,#7A8187
303,painting313,#0F0503,#711309,#98766C,#71453A
304,painting1296,#948F7C,#B2B2B2,#757575,#888B9E
305,painting475,#090A0E,#DDA08E,#ED8F8D,#3A2F2D
306,painting844,#91A7E1,#AC2319,#862610,#E3351C
307,painting22,#BECFC7,#768185,#9DADAD,#596267
308,painting36,#FFFFAF,#1D1F14,#A8744C,#D9AFB1
309,painting850,#D9D9D9,#B6B7B2,#969696,#757575
310,painting688,#D7D6DB,#848389,#B5B5B7,#424240
311,painting878,#030200,#F3C041,#F4BFC5,#CA6E6F
312,painting1043,#5185D0,#395C92,#00439C,#77A9E6
313,painting1057,#52350D,#EE61C9,#FFFFFF,#765222
314,painting139,#EDD9C0,#7E804F,#AEADA8,#9B7A69
315,painting887,#BD7A05,#429293,#FFFFFF,#E0DBD5
316,painting893,#010101,#FEE648,#A47C3E,#583000
317,painting105,#554F43,#E9DEC2,#FFFFEF,#140C09
318,painting663,#FCF2E9,#D1D5E0,#88A0BA,#6D8891
319,painting1080,#A9B2BB,#0E0E10,#27282D,#44494F
320,painting677,#DCDBE0,#A09993,#807971,#4B5262
321,painting1094,#150F0F,#EFE3D3,#A0BFEE,#E8021F
322,painting111,#4C4942,#7E7B68,#D8C9B6,#B2A187
323,painting930,#AFAA97,#AE719A,#D38169,#707B6A
324,painting924,#FEFCED,#DED6D3,#87D2EF,#04802A
325,painting1137,#F3F3F3,#111016,#2F2E34,#4A4951
326,painting1123,#48AFAC,#065758,#338B8D,#ABCCBB
327,painting918,#EED056,#A1C9E2,#E4E5E9,#AFD2CB
328,painting717,#EEEEEE,#CAC3BD,#FF5232,#FF8786
329,painting703,#DEC89F,#006BB3,#0A0F15,#471C26
330,painting1309,#FAF3E9,#AEB6C3,#010101,#B9B0A9
331,painting298,#01417F,#6A6762,#405767,#004771
332,painting1335,#A5A7B6,#C8BEB2,#9F9593,#888596
333,painting1321,#F3F5F4,#5A5955,#CFD1D0,#A8ACAD
334,painting529,#FFFFFF,#191C23,#CBDBF2,#282F42
335,painting515,#FFFFFF,#D4DFF1,#62559B,#A2CCE2
336,painting273,#EAECEB,#222631,#C5CCD2,#0C0C14
337,painting267,#262743,#41435C,#040404,#5B5E71
338,painting501,#FFFFFF,#231D1F,#C9DCE2,#89888E
339,painting228,#FF5F11,#FFFFFF,#0F0B08,#AF7E44
340,painting200,#FFFFFF,#262626,#A38443,#5B5B5B
341,painting1385,#232323,#3E3D39,#5A5954,#827B71
342,painting566,#E6E6E6,#0A090E,#49120D,#6C211C
343,painting1391,#68927E,#56A786,#23282E,#5B785A
344,painting572,#E0DCD1,#FFFFFF,#CDA26F,#FE7C4B
345,painting214,#19191B,#B3A8AC,#F3F3F3,#7B010C
346,painting599,#FAFBF6,#FFC5B7,#D6D6D4,#FDAD96
347,painting1408,#ED9C02,#D7E0CD,#9A7E4E,#984205
348,painting1420,#FFFFFF,#FED517,#FFC001,#FF443B
349,painting1346,#B5C2EE,#0A0809,#DDDEE2,#22222E
350,painting1352,#F1F2F7,#AC9A9A,#D4C8C8,#A66346
351,painting1434,#FCFFFF,#131315,#D7DCE2,#B8B9BD
352,painting758,#161616,#FFFFFF,#2E323B,#5C6979
353,painting980,#7B797E,#454449,#F789BA,#D685B0
354,painting994,#393937,#726C48,#AC9961,#585951
355,painting764,#5E4713,#E0E0E0,#525027,#C5A260
356,painting1187,#F3F3F3,#2C2C2C,#111111,#494843
357,painting770,#010005,#F0A882,#43455C,#00001B
358,painting1193,#0A0A0A,#C5BCB3,#B0785F,#C5A493
359,painting943,#F7F7F5,#000000,#7D7D7D,#202022
360,painting1178,#9FC4B2,#679C96,#6A758B,#9FB3B2
361,painting957,#000000,#C4B1A0,#282828,#767676
362,painting1144,#D5CDD8,#000C00,#111A2B,#004500
363,painting1150,#AAAAAA,#FFFFFF,#787878,#CBCBCB
364,painting92,#151925,#0F2441,#828FA0,#9CC8E3
365,painting86,#E5E5E5,#181415,#55525B,#F40000
366,painting638,#EDEDED,#211F20,#3F1B1D,#CDCD49
367,painting610,#3BAABD,#1A1B1D,#6E4740,#9A5B52
368,painting176,#262523,#000000,#D3CFB6,#878175
369,painting162,#393A35,#555756,#5E7A6B,#5D9D82
370,painting604,#EFEEEA,#070707,#686868,#BEBDB9
371,painting51,#CDCEC8,#C5B49A,#A4A6B3,#BCCDDD
372,painting837,#FFFFFF,#656368,#86838A,#DFDBCF
373,painting189,#C3CED2,#3D3624,#251E14,#AD925D
374,painting1018,#62656C,#121318,#35383F,#898C91
375,painting823,#D09287,#91574C,#0E1F2F,#753218
376,painting45,#191816,#B8B3A0,#4E443A,#857C6B
377,painting1030,#323232,#B70002,#111111,#440D12
378,painting79,#D6D8C3,#A2A8B4,#B6A383,#71848B
379,painting1024,#010000,#FFFFFD,#22211F,#DDDCDA
380,painting348,#2B301A,#685837,#927F6E,#B5B5AB
381,painting374,#B9592F,#1F1A16,#D0394C,#AA2129
382,painting412,#FFFFFF,#9E885F,#FFFFDB,#F4E0C7
383,painting406,#64C2FF,#2471C3,#41ABF9,#2B92F1
384,painting360,#C2C2C4,#B2A583,#FFFFFF,#89746F
385,painting1232,#1F2024,#DBDBDB,#393A3E,#56595E
386,painting1226,#080808,#1F2428,#3E474C,#3F2B44
387,painting1227,#192114,#ADAE36,#409B02,#776002
388,painting1233,#191919,#26312B,#43565D,#A7B8E4
389,painting407,#FFFFFF,#996637,#EAE9D7,#919179
390,painting361,#FFFFFF,#D4D4D2,#2F323B,#9EA2A5
391,painting375,#EBDFC5,#9E9282,#CABFAD,#7E7262
392,painting413,#FEFEFE,#90AAB9,#E2E5D2,#C9CED2
393,painting349,#93C9ED,#F1F1EF,#C20022,#CD9244
394,painting1025,#FBFBFB,#0A2E8C,#852727,#57274D
395,painting78,#263846,#3B5876,#6F91AA,#CFD4D8
396,painting1031,#F1F1F1,#E9DCCB,#84A6CC,#ECC6C3
397,painting44,#109DAE,#FFFFFF,#DBDDDA,#23262D
398,painting822,#DBE3F0,#A6B1C5,#ECD3E9,#DA003C
399,painting1019,#FFFFFF,#A9E0FE,#881524,#FC2F36
400,painting836,#F9F9F9,#D6D6D6,#BDB3A9,#FBECD5
401,painting50,#2B2129,#ECECEC,#764A2F,#F9B935
402,painting188,#17140F,#8D9087,#4F443E,#945B50
403,painting163,#DEDEDE,#777C8F,#000000,#E1D006
404,painting605,#211E25,#B72928,#0058B2,#34B0E4
405,painting611,#7B8D8F,#9B978C,#9CA9B2,#938B66
406,painting177,#D1CFD0,#A0A5AB,#B1D3C3,#73737B
407,painting639,#F3F3F3,#23201B,#E6CD73,#7F683E
408,painting87,#A09EAB,#DDD9BC,#787880,#EAAD8E
409,painting93,#E5BCA8,#0A0F13,#FD4539,#20292E
410,painting1151,#C9CACF,#B8B6A9,#A3A2A7,#4C4C4C
411,painting1145,#BAB6B3,#222222,#010000,#3C3C3C
412,painting956,#FFFFFF,#3A3839,#CECECE,#A2A1A6
413,painting1179,#CDCCCA,#82C5D8,#ACA9A0,#040000
414,painting942,#D72001,#EAD5A0,#D5B36C,#B60C00
415,painting1192,#FFFFFF,#DDD6C4,#000000,#5B6775
416,painting771,#E9A0B3,#E2D5C5,#49D4EB,#F2DA94
417,painting1186,#B5D1A1,#AEB3B9,#1C2C46,#9CB598
418,painting765,#FFFFFF,#897F7D,#C4BFBB,#120F0A
419,painting995,#EB5719,#FFFFFD,#FCF1D3,#B37836
420,painting981,#FEFEFE,#D8D9D3,#95A0A2,#ABCADC
421,painting759,#EAE7E0,#8D969F,#C7C6C4,#6D7783
422,painting1353,#F4F4F2,#222222,#423E3B,#5E5B56
423,painting1435,#D9818F,#1A3D8E,#153371,#2F3555
424,painting1421,#D8CCBC,#5C6467,#0A0E11,#C1A892
425,painting1347,#D4D3CE,#C4BE9E,#033E44,#021519
426,painting1409,#862D1D,#010101,#FFFFFF,#D7D7CB
427,painting598,#C2C1BC,#F6F8F7,#AB857A,#E9D689
428,painting573,#EDEDED,#BCB589,#A1B3C1,#ABA104
429,painting1390,#D4C896,#AFAA72,#8D8547,#BEAF8E
430,painting215,#6E4436,#F4F4F4,#C29D70,#3D3E36
431,painting201,#BFAE83,#55443A,#8D533F,#191919
432,painting567,#FFFFFF,#B4BEBF,#A62A08,#BF5507
433,painting1384,#EBEBEB,#C09D9B,#B97F7E,#C4C4C4
434,painting229,#1C2023,#F3FFFF,#53535B,#8E8D95
435,painting559,#FAF6F7,#2B292A,#E5D7BD,#464447
436,painting217,#C1B092,#2E6B4A,#A5B8A4,#404548
437,painting571,#373C42,#1D2027,#FFFFF6,#D5DCD4
438,painting1392,#43A0C2,#004E7E,#0E688A,#4F0E16
439,painting565,#C5AA8D,#96B6B5,#BE735E,#B8AFA6
440,painting1386,#E5DFD3,#C4C9CD,#E9D9B7,#959698
441,painting203,#53423A,#F8B80E,#735241,#332A25
442,painting1379,#D8D5CE,#B7B3AA,#8AA4A1,#1A4568
443,painting1437,#B4BDCC,#8FA1B9,#D6D7D9,#6981A5
444,painting1351,#272320,#81868A,#E4C688,#41392C
445,painting1345,#B6BCAE,#99ACB2,#214F83,#6A7289
446,painting1423,#FFFFFF,#7A3223,#411B06,#CB6C56
447,painting997,#181D17,#515E54,#30372F,#8DA397
448,painting983,#FFFFFF,#44312B,#DADBD6,#B7B1B1
449,painting1190,#FAFAFA,#050505,#DBD8D3,#8E8274
450,painting773,#FFFEFC,#93E0FC,#67BFE3,#E3D8DC
451,painting1184,#DDDDDB,#880606,#E3D649,#BFC1B4
452,painting767,#F0F2F1,#A9A8A3,#594F57,#90868E
453,painting954,#A28F71,#AD9D9D,#E4CFB2,#C29673
454,painting940,#9A9FA3,#89857C,#ABA494,#EADECE
455,painting798,#161817,#937D54,#2F1C0B,#403D38
456,painting968,#F3F3F3,#180A19,#D1D1D1,#56524F
457,painting1153,#AF9F7E,#D9CEB0,#827155,#F2EBD9
458,painting1147,#373E46,#7A65C2,#FFFFFF,#4D427E
459,painting85,#85BDCA,#E5E4E0,#CC9B70,#A98467
460,painting149,#373833,#FFFFFF,#DBDBDB,#BC744E
461,painting91,#E2E2E2,#090708,#807772,#BEB3AF
462,painting8,#5E6366,#828687,#3F474A,#D1D3D0
463,painting607,#AFB3B4,#493335,#524C40,#C78D2A
464,painting161,#FFFFFA,#262626,#DADDD6,#B8BBB4
465,painting175,#2D2D2B,#797977,#4D4445,#989896
466,painting613,#0E0C0D,#D5C8A6,#575757,#FFFFFF
467,painting820,#141213,#46615A,#2D3540,#F7F6FB
468,painting46,#A6A094,#565C58,#C09E5F,#393D1A
469,painting52,#13140F,#5B4329,#2C2D27,#A47C41
470,painting834,#22221A,#E2DED2,#3A3C2F,#CEEBE6
471,painting1027,#F0F0F2,#C5A153,#AFD0C5,#DEB679
472,painting1033,#74BECB,#0D3455,#BA9B26,#E5D9CB
473,painting808,#ABA8A3,#818680,#D0C1C8,#3548A6
474,painting439,#0B0B0B,#2A6C86,#163641,#235262
475,painting363,#0E1316,#9EB4BF,#4F4345,#272C30
476,painting405,#91B398,#749D95,#8EB274,#99C6C1
477,painting411,#E2E2E2,#C5C0BD,#2E2D32,#A19B9D
478,painting377,#FDFEFF,#EBB3B2,#DADBDD,#C0BBB5
479,painting1219,#582F29,#A4A5A7,#B8B7A5,#000000
480,painting388,#FFFFFF,#D7E425,#D1D1D1,#DEEE72
481,painting1225,#E6D3C5,#E1C327,#D9DEF1,#060E10
482,painting1231,#CFC9BD,#B87C33,#3A1B00,#936529
483,painting1230,#3B3328,#593827,#1A2134,#1B1D1C
484,painting1224,#7B7C7E,#303030,#A3A3A3,#4E4E4E
485,painting389,#FFFFFF,#E2E1EF,#CC1408,#E1B5C6
486,painting1218,#CFC3B3,#0A0A0A,#A5211F,#6C5219
487,painting410,#B11217,#192018,#8D050F,#323C33
488,painting376,#6A6869,#EFECE7,#C2BAAD,#95948F
489,painting362,#F8F8F8,#4270EA,#ABE9E8,#D5D5D5
490,painting404,#014AB0,#FFFFFF,#A753E7,#0170D9
491,painting438,#E8E8E8,#C8D1BE,#B9A799,#E8CDBC
492,painting809,#9E0F09,#202126,#AAF1ED,#3BD0BD
493,painting1032,#FDFDFD,#DADADC,#D90104,#101010
494,painting1026,#5A5F65,#45403A,#999EA4,#27241F
495,painting835,#110F10,#4F1F13,#69615E,#2C2A2B
496,painting53,#D8D8DA,#CAC1B0,#512C19,#7D6F62
497,painting47,#C0BFBA,#ECB78B,#80591E,#D98523
498,painting821,#DEC4AB,#C0A286,#9D8368,#726048
499,painting174,#F3F3F3,#B9800D,#BFD0E0,#D57C22
500,painting612,#A4A5C4,#22BB46,#E2E3FF,#5A5C71
501,painting606,#BDAC80,#785A42,#6C8241,#A07A56
502,painting160,#B1A18A,#F7F2DF,#8B7546,#1B1612
503,painting148,#CEC7BF,#010101,#ACA59D,#8A837B
504,painting9,#D0D1CB,#605C50,#3F4955,#6E7B84
505,painting90,#E9D6C8,#06070B,#3B1D1D,#B81D21
506,painting84,#89888D,#DDD7D7,#383639,#A8A8AA
507,painting1146,#F7F7F7,#A19076,#463227,#B2A26F
508,painting1152,#D1DBA7,#AFAD7A,#8B8456,#6F6542
509,painting969,#0F1126,#F1F1F1,#011470,#27423D
510,painting799,#91A993,#462A1F,#892F31,#A93E38
511,painting941,#CBBFB1,#959887,#6D6966,#D0BE9A
512,painting955,#EFAA04,#EF411F,#0277C6,#F8F5F0
513,painting766,#FFFFFF,#111111,#5E5E56,#939389
514,painting1185,#6A6A6C,#979088,,
515,painting772,#73824B,#1F221B,#636B46,#343B2B
516,painting1191,#251D1A,#40362D,#CDC5C3,#A07354
517,painting982,#E5E5E5,#AEAEAE,#B91110,#7C7C7C
518,painting996,#444391,#FFFFFF,#4C5DA5,#3A3A6E
519,painting1344,#FFFFFF,#64B0AC,#76C8DE,#5CAAD0
520,painting1422,#EAF358,#CBD13D,#0D0E09,#282923
521,painting1436,#05050F,#395B4A,#261012,#8EACB7
522,painting1350,#131218,#DEDDDB,#5E6F7F,#48443B
523,painting1378,#B78A69,#1B1F2A,#976A49,#3E4148
524,painting1387,#0E0D0B,#2C1F0F,#462A12,#603814
525,painting564,#E2DED5,#BFBEBC,#464644,#7B7C80
526,painting202,#CBC6B3,#252324,#8B6F64,#664D48
527,painting216,#B75C03,#1B140C,#CFBF9E,#816536
528,painting1393,#D8C7AD,#1B1C21,#85633E,#B9A688
529,painting570,#E09261,#C0D298,#000300,#238789
530,painting558,#A5A19E,#8DAFC8,#534E4B,#D7D8DC
531,painting574,#CEB58C,#A3A69B,#5A6D69,#CFA45F
532,painting1397,#F1F1F3,#264945,#024429,#DE232C
533,painting212,#E1D9C2,#589643,#2D2F2E,#B6AD9C
534,painting206,#F39659,#A42D27,#C23E27,#F4AE68
535,painting560,#D1CDC1,#F2F2F2,#C1B094,#AFACA5
536,painting1383,#E3E4DE,#2D7ECD,#3F57C1,#0F328C
537,painting548,#868068,#A2AC77,#514223,#B3A17B
538,painting1354,#B2B2B0,#949398,#514C50,#141318
539,painting1432,#403C3D,#5F5754,#7F7269,#26232A
540,painting1426,#E7F558,#12140F,#A7B22F,#757C84
541,painting1340,#EEEDE9,#4B3A20,#3A4147,#C7CBCC
542,painting1368,#E1DABD,#B2AA9D,#FEFFFA,#361B06
543,painting1195,#A87A62,#A56251,#B89881,#A54B40
544,painting776,#F1EEE9,#25A5C0,#323232,#EBD661
545,painting1181,#E8E8E6,#463E3B,#E6D8BD,#C5C5C3
546,painting762,#342C29,#625147,#BD885C,#EDCDB6
547,painting992,#DDE504,#BFBF99,#F3AB01,#9DE872
548,painting986,#817977,#EDEEF0,#C5C3C4,#1F201A
549,painting1156,#E0012D,#EBF2FA,#15161A,#01DEE7
550,painting979,#F3F3F3,#A57B4B,#070707,#172C3F
551,painting1142,#EBEBEB,#AC0516,#CDC9C6,#212C7C
552,painting951,#423F3A,#FDDFB9,#000000,#FFFFFB
553,painting789,#6D262A,#93472D,#1F2428,#FFFFFF
554,painting945,#E5E2DD,#A97F59,#948B82,#7C4982
555,painting164,#E9A7CB,#B5011E,#F6F6F6,#2A5F27
556,painting602,#DAC3A3,#9E8F88,#CCBEBD,#DFD8C6
557,painting616,#772517,#8997C4,#000113,#440500
558,painting170,#24292F,#195E85,#0F4061,#0C0F14
559,painting158,#7F8368,#99A192,#5D5F51,#EADCC2
560,painting80,#EFEEEC,#AED2EA,#FEAC02,#1C1C1C
561,painting94,#1A4D2C,#C2003C,#EEE4DB,#3C5E46
562,painting1022,#535351,#20201E,#FFFFFF,#BBBCB7
563,painting819,#3E7186,#7C959C,#B57073,#D0BBB6
564,painting1036,#2A2D34,#B67183,#625447,#848075
565,painting825,#F6F6F6,#000000,#000092,#0081DC
566,painting43,#036731,#FFFFF5,#BE895D,#61654E
567,painting57,#1A1B20,#D69156,#E78653,#968638
568,painting831,#F0F0F2,#018A78,#E0675E,#D34036
569,painting400,#C8B69E,#504C43,#A89E95,#D3CFCC
570,painting366,#BFB9BB,#9BB0A9,#6E9594,#456B6E
571,painting372,#D8F0F0,#CAACC4,#A37EA0,#3C4144
572,painting414,#111113,#FFFEFF,#FBEBB7,#2B2A2F
573,painting428,#C3B7A9,#323C3E,#3E5C76,#7C7E73
574,painting1220,#B6A571,#BBE0F2,#F5E9A1,#917B26
575,painting1234,#D9D1BE,#70584C,#AB9B8C,#887660
576,painting399,#ECF7FD,#0D1929,#000009,#665BDE
577,painting1208,#171918,#F4E3C7,#D23347,#646560
578,painting1209,#B1BBA2,#9D9E7C,#D3DCC7,#16130E
579,painting398,#FFFAE7,#FF9700,#FFD1A0,#E1D8D1
580,painting1235,#AFB4BA,#81817F,#D1D6DC,#636365
581,painting1221,#F6F8F7,#AB5B1C,#39BAF1,#0534AA
582,painting429,#25211E,#59D7CB,#223228,#4F807C
583,painting373,#EBEBEB,#161616,#6DA1B6,#C0C0C0
584,painting415,#EDEDED,#252525,#D9B07A,#F2CFCD
585,painting401,#54260F,#714A4B,#020307,#202A36
586,painting367,#282D33,#44484B,#0D141A,#60656B
587,painting830,#B8B6AA,#99958A,#C7B58D,#292F3D
588,painting56,#85F39D,#697B7F,#B5C6D0,#67E079
589,painting42,#0C0B11,#2A2319,#3D3C20,#424B1C
590,painting824,#FFFDFF,#F7EA50,#DDFFFF,#9CE3FF
591,painting1037,#034C99,#0090C5,#025F98,#0248B7
592,painting818,#000000,#4F5555,#1E1F19,#ACB2B2
593,painting1023,#F2F2F2,#CAC9C4,#948F89,#222222
594,painting95,#818EB1,#65708C,#424459,#392E34
595,painting159,#81653E,#FFFFFF,#604325,#834B1A
596,painting81,#004729,#006233,#04382B,#007A3B
597,painting617,#8E534B,#59331C,#AD6942,#C3978E
598,painting171,#BF5D40,#B48456,#E4D3B7,#934F42
599,painting165,#FFFFFF,#AE988B,#9F5F3B,#DAC3A3
600,painting603,#36373B,#1C1C1E,#525358,#918E57
601,painting944,#FFFFFF,#F5A604,#B3B3B3,#D5D5D5
602,painting788,#DDDBDC,#DAC9B9,#D29487,#AC7A83
603,painting950,#CBD2DA,#90B3C7,#B89E85,#2F211E
604,painting1143,#CB003F,#24252A,#E7C274,#AF0041
605,painting978,#F3F3F3,#1B1310,#AA741A,#531007
606,painting1157,#7D7580,#7F4402,#DD9F00,#363948
607,painting987,#EDEEF3,#CACEDA,#005222,#508277
608,painting993,#CEC0A6,#3C5535,#31322D,#768952
609,painting763,#B3B7C0,#000100,#91969C,#6F7279
610,painting1180,#FFFFFF,#DCD9D0,#2B353E,#BFBFC7
611,painting777,#102F8C,#01004C,#1F4ABD,#469EF8
612,painting1194,#D4A814,#CAC9C7,#1F1E1C,#63361F
613,painting1369,#2A37B7,#221A18,#2B8F83,#3A42AD
614,painting1427,#F3F3F3,#C8C8C8,#D0B5AC,#C1978B
615,painting1341,#FC074C,#EF7E18,#F9A2D5,#A7111A
616,painting1355,#313133,#494C51,#F7FFFF,#B8BDC1
617,painting1433,#19301E,#003F1D,#0C130B,#005724
618,painting549,#FEFEFE,#76B0D6,#164636,#1E5F3D
619,painting207,#2B2D39,#EEECED,#838793,#47484C
620,painting1382,#D8C9B6,#030000,#7F6252,#B0ADA8
621,painting561,#F3F3F3,#A5A9B2,#12130D,#39070A
622,painting1396,#F3F3F3,#0E0E0E,#4F0216,#305DA1
623,painting575,#F3F3F3,#6C4A24,#A07332,#CDCDCD
624,painting213,#FFFFFF,#DCDCDA,#8BA3AF,#757670
625,painting1380,#322737,#EBEFEE,#C5CAC4,#4D4252
626,painting563,#BBBEC3,#191919,#6A6B6D,#E9D8AC
627,painting205,#A98869,#D5A96C,#554234,#80664B
628,painting211,#D3D2D8,#E4BA58,#EBAD3E,#E78D05
629,painting1394,#1E84CE,#000100,#117398,#002224
630,painting577,#0A0B0F,#FFFFFF,#E7C4CA,#454954
631,painting239,#BF6F3E,#7E5132,#425F8B,#4EA0B6
632,painting1343,#74586E,#71588F,#874F68,#994A4D
633,painting1425,#0F3B46,#FFFFFF,#3C3338,#D6DBE1
634,painting1431,#324645,#302B31,#000000,#E7BF67
635,painting1357,#1A1A1A,#303024,#4E4936,#303038
636,painting1419,#FFFFFF,#DBD6D2,#DCDC02,#FFAD03
637,painting588,#D9D6CD,#AA9D8D,#6D5843,#050402
638,painting761,#3E2602,#C6B2A9,#EC9F05,#DC7204
639,painting1182,#5F7D7F,#CAD4CB,#E9FFFF,#8BA7B5
640,painting775,#FFFFFF,#4D789B,#748DA3,#B1BFCC
641,painting1196,#B4874E,#B08A66,#61291A,#3A655C
642,painting985,#ECE6DA,#7AA0C5,#BBC1C1,#095B95
643,painting749,#30323F,#464E61,#66849E,#AECBD9
644,painting991,#FFFFFF,#000D2F,#E50102,#D8C1C9
645,painting1141,#202529,#BFBC9D,#363B35,#6C6E61
646,painting1155,#A6762C,#B78E60,#F8FFFF,#080000
647,painting946,#D6CAB2,#B6907B,#A46E64,#73634C
648,painting952,#8A9086,#666C60,#ADAC9A,#CDCEBE
649,painting1169,#FFFFFF,#FCF64A,#8A7769,#EBAFAF
650,painting173,#E5E9E8,#030C8B,#042D9F,#0432BC
651,painting615,#DB87AB,#E0A6B2,#019ECB,#AACCD8
652,painting601,#F3F3F3,#D7CB99,#D7D0BE,#BAAF91
653,painting167,#282828,#E8E1D1,#FAFAFA,#434343
654,painting629,#E8E8E8,#161616,#B6A697,#DEC2C1
655,painting97,#EEEEEE,#DFDECA,#371F1D,#E2C697
656,painting83,#2E2E2C,#6D6E68,#9F9E99,#151513
657,painting1035,#ABADAC,#8F9183,#B0D2FF,#8CABDA
658,painting68,#FFFFFF,#161920,#B5C4E3,#434049
659,painting1021,#DAE5E9,#7C8AA4,#171111,#324758
660,painting54,#9574C3,#966B49,#A3628A,#D8C4A9
661,painting1009,#FEF6EB,#868B62,#D0CEDC,#B4B17E
662,painting832,#7B5D39,#695345,#987442,#867364
663,painting826,#FD85C3,#FDA0CF,#FD6AB8,#FC9EB0
664,painting40,#F6F6F6,#C8C7C3,#008284,#7F987A
665,painting198,#1D1D1D,#7A5538,#BCA890,#A17552
666,painting417,#AEB4B0,#FFFFFF,#111111,#7D7D7F
667,painting371,#E5E5E5,#2E3A14,#6D1313,#5E311E
668,painting365,#B6952A,#F3F3F3,#6C6046,#753E05
669,painting403,#FFFFFF,#D8DCE8,#000100,#73777A
670,painting359,#FFFFFF,#FC285B,#C4C4C4,#FC3516
671,painting1237,#E6DFCF,#7E6A23,#B7B18D,#51440D
672,painting1223,#E2D2B1,#0A0A08,#FFFFFF,#37322E
673,painting1222,#EFEFED,#88A0C4,#DBC2C6,#3B1C1A
674,painting1236,#D6BD6B,#947E66,#B49D7E,#351A0F
675,painting358,#F6F5FA,#9D6E5E,#E6D28D,#91BC51
676,painting364,#B3C1CC,#DCDCDC,#010101,#AA6141
677,painting402,#FFFFFF,#707070,#000000,#212121
678,painting416,#A69486,#5B95AD,#CCB7A6,#617D88
679,painting370,#969B9F,#AACCCE,#A9A490,#E2EADF
680,painting41,#7F7262,#9E9181,#FFFFFF,#D2C9B8
681,painting827,#2D2523,#594017,#552710,#3C3C30
682,painting199,#63BBEB,#FFFFFF,#BF8C31,#010000
683,painting833,#514259,#CEA959,#CE7B73,#A7695E
684,painting1008,#F1F1F1,#C9B997,#4C2F27,#2B2B2B
685,painting55,#D7D7D7,#C4B5B8,#A9949B,#776C7C
686,painting1020,#3C454E,#8475C8,#FFFFFF,#7761C5
687,painting69,#A47851,#401D07,#0028AB,#FCC4C3
688,painting1034,#CCC7B4,#DDE2E8,#B6A684,#AE8B6F
689,painting82,#1A475E,#3B647A,#5B7B56,#30352E
690,painting96,#D23E24,#A2724C,#F7E8D1,#FFFFFF
691,painting628,#FAFAFA,#01BE94,#3A3343,#EBD9EF
692,painting600,#908164,#3B372E,#E6CBAE,#594733
693,painting166,#A0BDDD,#1E2116,#B8AEB9,#BFAA8F
694,painting172,#B9BCB5,#231F1C,#010000,#3E3A39
695,painting614,#FFFFFF,#27295A,#FCF0C8,#281413
696,painting1168,#3281C4,#5A57E4,#334C2E,#F7D349
697,painting953,#171717,#D1402D,#323F47,#F8D225
698,painting947,#9A6261,#744A4B,#C39DA8,#523235
699,painting1154,#8C2224,#302D28,#A31C22,#161719
700,painting1140,#0E0F0A,#393D3C,#575B5A,#7A7E81
701,painting990,#BF94A7,#DDDDDF,#C5B3BF,#A56E8D
702,painting748,#090D0E,#F3F4EF,#F4E52A,#D6CBAD
703,painting984,#FEFEFE,#1E1711,#C69A59,#7A7150
704,painting1197,#D9D2C8,#323139,#1A1823,#474642
705,painting774,#201E1F,#4F4D4E,#E2AD9F,#E7A7BF
706,painting1183,#2A264B,#3D2D20,#423F5E,#53493D
707,painting760,#FFFFFF,#C4C2B5,#A3A194,#90B6BF
708,painting589,#F3F3F3,#070709,#BE7D2B,#382517
709,painting1418,#121C1B,#C6C8BA,#2D342D,#8E918A
710,painting1430,#53877A,#3C3934,#545651,#CBDAE1
711,painting1356,#B6B8B5,#14552A,#7A2113,#B56A0D
712,painting1342,#E9E1D6,#C9BFB5,#A3A3A1,#E2CEAB
713,painting1424,#BDC2C6,#0A0A0C,#FFFEFF,#1E1A28
714,painting238,#DDE2DB,#030406,#BCBDB7,#92918C
715,painting210,#161B1F,#9C6A11,#BE8723,#341D15
716,painting576,#C9C2A6,#181816,#928ADD,#EEE5C8
717,painting1395,#F4F4F6,#919193,#D2D1D6,#EEEFB5
718,painting562,#C0A588,#643A12,#CDC3AA,#8A6C54
719,painting1381,#D1D0CC,#FFFEFF,#9FA19E,#707571
720,painting204,#7A8490,#827474,#804B3B,#703D44
721,painting1398,#EBEBEB,#574B5F,#231B18,#DECACC
722,painting209,#CBCCD0,#8C8C8E,#5EB3D2,#3180C2
723,painting221,#D4C6AC,#FFFFFF,#A0AEB9,#A18582
724,painting547,#9F81F3,#000000,#272727,#3F4541
725,painting553,#D6D4D9,#9AA1B1,#3475AD,#8D669D
726,painting235,#E3E2DD,#000000,#F0C8BE,#EC6248
727,painting1429,#125C99,#1B3953,#FFFFFF,#3A3A3A
728,painting1401,#F0DFB4,#030408,#FFCFC5,#0D2B09
729,painting1367,#E6E9EE,#04080B,#DA80BD,#3981CD
730,painting584,#26A8F6,#99CFFD,#1798F6,#0A83EE
731,painting1373,#EF8C6F,#9AC448,#518B50,#811910
732,painting590,#FEEEE1,#FA9964,#FDB583,#B77306
733,painting1415,#F3F3F3,#000000,#676767,#8E8E8E
734,painting779,#E7A573,#EEDDC1,#FFD5AB,#E7EDEB
735,painting745,#C0B6AD,#5C7EE0,#4464D5,#F6F6F6
736,painting751,#F3F1F2,#C5DAEF,#334132,#A6B8CE
737,painting989,#D68780,#DF8A6B,#A25952,#F0C3B0
738,painting962,#241E20,#D3CCBA,#A1A7A3,#840000
739,painting1159,#E2E9EF,#0D0D0D,#F4F0D5,#A0222D
740,painting976,#D7D5C9,#13171A,#B8B1A7,#928B83
741,painting786,#FEFEFE,#AEAA8F,#DBDBDB,#282C59
742,painting1165,#C3C6CD,#A4A4AC,#0E0F11,#787C87
743,painting792,#A89E92,#030000,#CDC3B7,#C7BA98
744,painting1171,#E2CEB5,#AAB475,#424B48,#666A5C
745,painting619,#9E9986,#BDBBAF,#77725F,#E9E1CA
746,painting631,#EEEEEE,#D5D0BA,#1C1C1E,#DFC3D1
747,painting157,#751900,#F1F1F1,#FF623F,#FA3218
748,painting143,#10100E,#2F2E2A,#DBDDDC,#B7BCC0
749,painting2,#CFDCE2,#D6D4AE,#D8B691,#8197A5
750,painting625,#F3F3F3,#4E6B31,#6C8A4C,#D8E1B6
751,painting816,#120D0A,#E9E9E9,#FF6B07,#302221
752,painting70,#6F9EA4,#A1B3C1,#778892,#536066
753,painting64,#F2F3EE,#CDD2CC,#D8D4B7,#97B8BD
754,painting1039,#EAB6A9,#ECECEC,#BBBBBB,#F3A58F
755,painting802,#FFFFFF,#F5D56E,#EBE8D7,#D3D1D4
756,painting1011,#C3B09F,#9B9190,#242328,#7A6C6B
757,painting194,#FFE1F1,#FFFFF7,#3B1F09,#F7C2D6
758,painting180,#6F8DC3,#DEDBD4,#42454C,#67686C
759,painting1005,#D9CEB0,#FFFFE1,#81786F,#A49D8B
760,painting58,#191917,#36251D,#373934,#BCB797
761,painting369,#DBDCD6,#B9BAB5,#242223,#3F3E39
762,painting355,#1E4660,#E5E6E0,#B4C4C4,#62859B
763,painting433,#EBEBEB,#99011A,#0143A4,#C4C8CB
764,painting427,#FFFFFF,#C8D9EB,#ACBFC3,#6688AE
765,painting341,#D0DAC2,#9FBB8A,#FFFFFF,#E5CADD
766,painting396,#130F0C,#4B4843,#2A2925,#5D6265
767,painting1213,#E3E2DD,#C2C2B6,#959589,#000100
768,painting1207,#E5E5E3,#1F2326,#C2C4C1,#515352
769,painting382,#EDFFFF,#8AD53D,#FFD8FF,#A0CD58
770,painting1206,#298FD7,#141318,#B37019,#F2BD23
771,painting383,#EAEAEA,#272940,#C1CFDC,#191919
772,painting397,#CBCAC8,#A8ACB5,#848D96,#656D78
773,painting1212,#C5C5C3,#AAA69D,#EBECE6,#707D83
774,painting426,#FFFFFF,#4786BC,#2B67A5,#626262
775,painting340,#D3D1C5,#FCFFFF,#E7C3B3,#000100
776,painting354,#6D0F0F,#622223,#8B160D,#9A6D50
777,painting432,#93735E,#2E3740,#705C51,#A58F82
778,painting368,#FCFDFF,#D9D9D9,#B8B8B6,#161616
779,painting181,#73B496,#296E59,#000005,#425050
780,painting59,#696250,#0D0C08,#2E251E,#433B28
781,painting1004,#E6DFC5,#C2AA9E,#80777A,#8A6364
782,painting1010,#0C5791,#327296,#96A9A5,#2E5A63
783,painting195,#FFFFFF,#FFFFE7,#EDD9B4,#FF5196
784,painting803,#665D34,#AA9963,#57705A,#3E3411
785,painting1038,#EBEBEB,#202020,#6D6D6D,#9D9D9D
786,painting65,#E8E8E8,#20211C,#C1C1C1,#6E6963
787,painting71,#3D2D20,#5B493B,#A4B0A6,#837558
788,painting817,#EFF1F0,#AAC7C2,#D0CBC7,#667D61
789,painting142,#AB824A,#CDCEC9,#7899AA,#CBA366
790,painting624,#227736,#306940,#5C9862,#013832
791,painting3,#DAD8DD,#FFFEFF,#B9B7BA,#E0C0CD
792,painting630,#2A89C1,#191919,#DCD8D7,#285A7F
793,painting156,#9A8584,#94BAD1,#7B8CA0,#495261
794,painting618,#794C39,#B1BAD9,#8A7572,#936544
795,painting1170,#F2F2F2,#171516,#A9030F,#CA9700
796,painting793,#171612,#7C786C,#927F61,#5C5C5A
797,painting1164,#E2DFDA,#CDBBAD,#939468,#3B5A77
798,painting787,#485871,#6D86A4,#3D414C,#8EB0D5
799,painting977,#68ABD6,#000005,#1C2023,#8EB6D0
800,painting1158,#F7F7F9,#C8CFC8,#27272F,#8C9197
801,painting963,#090A0F,#E0DBA4,#0B5D11,#B1803E
802,painting988,#FFFFFF,#B9A175,#E7E5CE,#BFB2A2
803,painting750,#F2EEE3,#030000,#C9BEBA,#5B1A18
804,painting744,#E3C4A5,#FD73C0,#E9DF4C,#88E267
805,painting778,#2B859D,#101010,#1B4984,#4865AB
806,painting591,#11100E,#B40202,#D38700,#900000
807,painting1372,#E4E3DF,#C6C2B9,#91887F,#726960
808,painting1414,#000000,#FEE797,#80560C,#543C10
809,painting1400,#2C100C,#442E30,#6C373F,#60464F
810,painting585,#F3F3F3,#030303,#503524,#251B12
811,painting1366,#F3F1F2,#EDE68C,#BD9D50,#EBBF54
812,painting1428,#E7E7E5,#040809,#88C2CE,#A63B29
813,painting552,#E9EDF8,#F6D860,#FF593F,#F1D87E
814,painting234,#BDBFB4,#969287,#71736E,#FFFDFF
815,painting220,#FFFFFD,#FCB0B4,#C7C7C5,#F8CECF
816,painting546,#CBCFCE,#5A7998,#252429,#7F9DB7
817,painting208,#11100E,#E8E9E3,#2C2B29,#474644
818,painting1399,#825E84,#FFF3FF,#AC8F8B,#60479B
819,painting578,#D3D3D5,#3B1812,#BEA797,#241A18
820,painting236,#EABCC9,#3F343A,#5E4C4C,#8B5A56
821,painting550,#F3F3F3,#557917,#758815,#275A21
822,painting544,#EBECE6,#000000,#BEBFB9,#387AB4
823,painting222,#5D4B33,#847151,#A49170,#C7B494
824,painting1358,#F2F1ED,#1C1A1B,#D0CFCB,#353430
825,painting1416,#211A12,#6D719E,#BEB9BF,#9291BB
826,painting593,#000000,#293028,#849086,#4D544C
827,painting1370,#8B7577,#979D6F,#6B6727,#857C55
828,painting587,#98A3B5,#8D8F8C,#51576F,#ACB1AD
829,painting1364,#17333F,#B39676,#1A4B52,#525A42
830,painting1402,#FFFFFF,#171523,#94C1D6,#EFE8D6
831,painting1199,#DECF96,#B49360,#AAA5A1,#D2C3A6
832,painting752,#F4F5F0,#7199CC,#2B2B2D,#4F79B3
833,painting746,#B79E7F,#5361B9,#A06B4B,#CA7F68
834,painting975,#111111,#647786,#454440,#14222D
835,painting961,#B8C0B3,#7A999E,#74805C,#6D8377
836,painting949,#E5E5E3,#C5BEB4,,
837,painting1172,#C7C4BF,#222222,#AAA39B,#726B61
838,painting791,#DDDEE0,#181617,#B38760,#34261D
839,painting1166,#48474D,#73C5DD,#D39076,#A19A92
840,painting785,#FFFFFF,#153661,#678AA6,#2A4E72
841,painting168,#2A2A2A,#83847F,#454543,#626260
842,painting98,#9F9CA3,#7DA998,#76808A,#506674
843,painting1,#CFDBDB,#E5D2A8,#718CA1,#DECCBE
844,painting626,#F7F7F7,#484234,#56502E,#5C3A2E
845,painting140,#EFEEEA,#323031,#CCCACB,#9A9899
846,painting154,#909B9D,#CFD4DA,#6B6B69,#4D4D45
847,painting632,#FFFFFF,#504E42,#CDCAC3,#8B6C6A
848,painting67,#EBE5D9,#FFBF44,#D7443D,#FCA146
849,painting801,#FFFFFF,#003676,#00529B,#5C88AB
850,painting815,#C6AA83,#948B7A,#776453,#1B1B1D
851,painting73,#FFFFFF,#B0C8E4,#29304A,#75757D
852,painting1006,#FFFFFF,#C5B582,#D3DCD7,#7B9FB5
853,painting183,#AC9E71,#B9B979,#777255,#716736
854,painting197,#D1E1F8,#03080E,#988D8B,#222834
855,painting1012,#1B65C4,#1B181F,#DECFB2,#E15B90
856,painting829,#FFFFFF,#C3CAD0,#9EA9AD,#A79483
857,painting418,#091929,#223345,#D7E5FF,#3F5062
858,painting342,#94647A,#507E96,#000100,#9FB47C
859,painting424,#3B949C,#313330,#CFCBC2,#2A5162
860,painting430,#292411,#433008,#000000,#58472B
861,painting356,#F3F3F3,#442127,#9B748F,#2D2220
862,painting1238,#BFC2AD,#9FA9AB,#181800,#B4670F
863,painting381,#FFFFFF,#252A30,#00000C,#3B454E
864,painting1204,#FBF9C9,#FFFEE9,#FCCA1D,#D16A01
865,painting1210,#E9E8E4,#3C8898,#589083,#2C6727
866,painting395,#ECD9CB,#1F1E1C,#FFFFFF,#DDDAB7
867,painting1211,#A09AA4,#C2B887,#262135,#BAA892
868,painting394,#FFFFFF,#919B90,#C2DCCF,#A79483
869,painting380,#151316,#EA3A2D,#E5E1DE,#E84852
870,painting1205,#FFFFFF,#BA8C50,#3C4349,#DAB274
871,painting1239,#E9E8E4,#B1B2AD,#63645E,#4C453B
872,painting431,#DEDEDE,#DDADC3,#93A5E3,#B9A3D1
873,painting357,#CCCEC0,#9E1D00,#000000,#97B093
874,painting343,#FFFFFF,#6F8D8B,#C5D4F5,#99B9C4
875,painting425,#275145,#FFFFF5,#C0875C,#763203
876,painting419,#E4E3E1,#CAC3B9,#9A938B,#696057
877,painting196,#131217,#DD0939,#38A4C0,#D3CCC4
878,painting828,#28140D,#4A0E03,#B4535E,#BC9091
879,painting1013,#FFFFFF,#B1AFB0,#1B191A,#8A8889
880,painting1007,#BAC6B8,#25262A,#1F7197,#1B455B
881,painting182,#373330,#53544C,#030000,#767772
882,painting72,#835635,#2A221F,#C2B290,#4F2E1B
883,painting814,#F2E5D5,#0C070E,#CAA883,#162633
884,painting800,#CFD3DE,#535458,#AEAFB1,#938789
885,painting66,#66491D,#916C37,#BD9454,#311C01
886,painting155,#B0CED9,#C6C4C5,#9BADBB,#BEBCA7
887,painting633,#F3F3F3,#C6C6C6,,
888,painting627,#F0DFD5,#0C0606,#655148,#281912
889,painting99,#E1E6EA,#E5C781,#96653C,#1C110D
890,painting141,#E7E9E8,#AEAFA9,#837777,#1E1E20
891,painting169,#C3C0BB,#1E1E1E,#FFFFFF,#E2D98E
892,painting784,#4B1E61,#CCB79C,#27A7A6,#DAD5C1
893,painting1167,#FBF7F4,#6F8288,#E2D5CD,#536362
894,painting790,#404348,#74624C,#75797C,#AFA896
895,painting1173,#666A75,#44985D,#F9D94A,#224DA9
896,painting948,#463C3D,#2A1E1E,#742B3E,#695844
897,painting960,#D7D9D4,#62895C,#D3B27F,#5E7D99
898,painting974,#DBDEE3,#494A4E,#ACB0BB,#8B8682
899,painting747,#4083CA,#596F62,#2E67BE,#5DA6EA
900,painting753,#FBFFFF,#ADB93D,#000005,#222632
901,painting1198,#131313,#E0D9AF,#657171,#292D30
902,painting1365,#BBB1A7,#A46755,#9C4F31,#DAA99B
903,painting586,#880F18,#FFDFE0,#AB2323,#000017
904,painting1403,#A9AD60,#ADB3D7,#241C19,#363942
905,painting1417,#FFFFFF,#161712,#D8D0C3,#2F2F2D
906,painting1371,#6881B9,#3A537B,#8D9BB8,#2A151C
907,painting592,#F3F3F3,#E0DCB7,#5B4F3F,#232323
908,painting1359,#33557B,#68809C,#ADB3AF,#E7E0D6
909,painting545,#416243,#3B453C,#457694,#617F5B
910,painting223,#191D26,#FBFFFF,#D8DCE5,#080D33
911,painting237,#DCE0E3,#091217,#0152A4,#5A9F34
912,painting551,#FFFFFF,#DBDBDB,#9B9D9C,#363B3F
913,painting579,#EEEFEA,#834A51,#A37C7F,#811429
914,painting555,#FAF9F7,#F4BD00,#E4DCC7,#E39D01
915,painting233,#E7DAC9,#2B2622,#A6822C,#B5B5B3
916,painting227,#CCCBC6,#9B8F8F,#846F76,#CDBBC9
917,painting541,#CDC7B9,#A9A6A1,#000000,#82817C
918,painting569,#3F2F1F,#FFFFFF,#D7A230,#9C6A2F
919,painting596,#D9DBD0,#DBC2C5,#DFE0A6,#D6A5BA
920,painting1375,#BFBFBF,#575757,#9D9D9D,#3B3B3B
921,painting1413,#BDC3C3,#EBE5D7,#474948,#B99153
922,painting1407,#FEFEFE,#DDDCD7,#B7B7B7,#8F8B80
923,painting582,#F3F3F3,#B78D5B,#0A0605,#250302
924,painting1361,#68927E,#56A786,#23282E,#5B785A
925,painting1349,#FFFFFF,#DDDCD7,#AEBFCF,#7EA9CC
926,painting757,#2797E1,#342D27,#5B3E2E,#7A6256
927,painting743,#A5A1A2,#F5EFDF,#C9C8C6,#878A99
928,painting1188,#474A51,#000000,#939DB6,#2C2F36
929,painting1177,#C29764,#222222,#E8D668,#DCD07E
930,painting794,#03080E,#E0E4E7,#BBB7B4,#97989A
931,painting958,#090909,#6B4D4F,#1B1A28,#99666B
932,painting1163,#F2E47B,#F6E001,#EBDD5A,#EDE594
933,painting780,#7C7E70,#8B8B93,#62614D,#FFFFFF
934,painting970,#000100,#610029,#9E0112,#460203
935,painting964,#373332,#FFFFFA,#0B0D0C,#544F4C
936,painting145,#AE873C,#BAB780,#876214,#BBA17C
937,painting4,#41403B,#5B5D58,#808370,#C0C6B8
938,painting623,#696A6F,#C5C5C5,#8D9095,#4E4C4F
939,painting637,#F3F3F3,#504241,#E5E0CD,#AF6F63
940,painting89,#89C2F9,#54A1F1,#84848C,#4B4F58
941,painting151,#FFFFFF,#96491F,#AEAEA6,#88532B
942,painting179,#F5BFCC,#FFFFFF,#CACDB8,#A88164
943,painting186,#E3CFC4,#E0AFAB,#E5C59F,#BAB0AE
944,painting1003,#E2D8E0,#002D71,#C6BAAE,#124892
945,painting838,#D0D74B,#2A1D24,#A3A36F,#D19525
946,painting1017,#F3F3F3,#283E17,#25193D,#2B2129
947,painting192,#A09F9D,#6C635A,#C1BFB3,#201911
948,painting62,#BFC69D,#FC2C2A,#EAEAEA,#161616
949,painting804,#525D59,#283337,#FCFCFA,#6A7E7D
950,painting810,#F0F0F0,#38393B,#BEB9B6,#1F1F1F
951,painting76,#471E30,#CC4446,#8F2C40,#574B55
952,painting421,#634770,#482962,#FFFFFF,#914C79
953,painting347,#866A43,#A58B66,#926A2F,#000000
954,painting353,#B2B7BA,#2C231C,#40756F,#E9A75D
955,painting435,#FFFFFF,#272A39,#D0DBED,#331612
956,painting409,#C5CECD,#7B7D78,#A5ACBC,#506369
957,painting1201,#101318,#B7893B,#DB7200,#2A2D34
958,painting384,#A1A6AC,#6D8BCB,#E5DCBB,#78746B
959,painting390,#E0D2AF,#916E44,#928B78,#C58063
960,painting1215,#425B62,#597A7F,#759AA0,#93B8CA
961,painting1229,#0E0000,#83663E,#5A3D2D,#D1A858
962,painting1228,#1B1B1B,#363531,#56564E,#909183
963,painting391,#EBECE7,#161415,#CACAC8,#2F2D2E
964,painting1214,#AFAFAF,#CED3D9,#F3F4F8,
965,painting1200,#504F54,#B4C6CA,#9DC8EB,#131416
966,painting385,#000201,#C8BCAC,#97AA7D,#E5E1DE
967,painting408,#43423D,#7E7C70,#2B292C,#BDC3BF
968,painting352,#B2A185,#807363,#342F2B,#181818
969,painting434,#82725B,#63543F,#ECD2B9,#A4927A
970,painting420,#F0F0F2,#6CE097,#BDA73A,#6E6E4C
971,painting346,#FFFFFF,#C7D0D5,#607B6C,#86A4A6
972,painting77,#FFFFF7,#1E1F24,#3665A9,#383836
973,painting811,#C5ADAD,#E4DCD9,#975758,#B88C8D
974,painting805,#F3F3F3,#C92A27,#EDEBD4,#EEE2A6
975,painting63,#31322C,#0F100B,#864B1F,#B54C1F
976,painting1016,#552152,#E85D24,#2A2A28,#FFFFFF
977,painting193,#434C4B,#262A2B,#05090A,#0B1B34
978,painting187,#EFEEEA,#000000,#703EAF,#EBE295
979,painting839,#2B2C4A,#1D1513,#7D5943,#39271B
980,painting1002,#FFFFFF,#CBB47E,#FFFFE1,#FFFEC5
981,painting178,#9B1D2B,#243843,#171D29,#261F19
982,painting88,#464A49,#DAB7BD,#55859C,#36B2E8
983,painting636,#FFFFFF,#000000,#C6C6C6,#595959
984,painting150,#07080D,#EFDDCF,#735402,#A1BFF5
985,painting144,#FFFFFF,#745B33,#544123,#DCDCDC
986,painting622,#F6F6F6,#D3D3D3,#AFAFAF,#859CBC
987,painting5,#E5E2DB,#D1C6B0,#AEA691,#E1BCB3
988,painting965,#FBFAF8,#559388,#3A7265,#F0E0D1
989,painting971,#F0F1EC,#D6CACA,#9F5441,#D5B173
990,painting781,#FFFFFF,#808080,#3CB8FE,#BF3AED
991,painting1162,#D8DFD7,#BCB7A4,#101F22,#B0A47E
992,painting959,#C0C2C1,#111214,#818382,#CCE0D4
993,painting795,#ECEEED,#292B26,#F98031,#B79454
994,painting1176,#0A0A0A,#04215B,#309BEB,#F32E26
995,painting1189,#EBE3D6,#CBC0BA,#9C8A7C,#716358
996,painting742,#2D2D2B,#535446,#DC2517,#C5C6C0
997,painting756,#130F0E,#FC61D6,#F4D6BC,#241421
998,painting1348,#19181D,#E9EDF0,#7D868F,#C51917
999,painting1406,#E4E1C0,#1A1A1A,#948977,#B1B092
1000,painting1360,#C2A945,#AFAFAF,#C8B068,#888687
1001,painting583,#FFFEFF,#A79A8A,#DCDBE0,#AEE1E4
1002,painting1374,#A6AFAE,#B5A58C,#606C60,#889287
1003,painting597,#C8C9C4,#A7A8A2,#878B8E,#66696E
1004,painting1412,#869BCA,#ECECEC,#BCB0C6,#8DBCC2
1005,painting568,#0C100F,#205156,#28282A,#F5F4F0
1006,painting226,#E8E9ED,#FFA3AE,#DE6167,#9E7150
1007,painting540,#FFFFFF,#B4E0F9,#FDB191,#FE9F73
1008,painting554,#090A28,#CEBEEB,#0D0E3A,#040311
1009,painting232,#B49579,#927762,#694D37,#0D1017
1010,painting542,#494C3B,#64696F,#B4A27A,#8F94B1
1011,painting224,#121318,#3F8ED0,#133477,#75BEE1
1012,painting230,#FFFFFF,#DFE1ED,#EB59BE,#04080B
1013,painting556,#694719,#B982A1,#3C260E,#FFFFFF
1014,painting218,#EBE8E1,#040404,#202425,#3A3E3F
1015,painting1389,#F2F2F2,#1C1C1C,#373737,#6C6C6C
1016,painting1362,#D5BE9F,#948068,#6C5C4D,#322A27
1017,painting581,#4E4F49,#938268,#151513,#FFFFFD
1018,painting1404,#E2CD98,#FFFFFF,#DFC9B1,#C83A39
1019,painting1410,#131716,#FFFFF3,#E1DBCF,#ACA89D
1020,painting1376,#CD5072,#E6E1CB,#060604,#BBB6A3
1021,painting595,#504B47,#231E1A,#C7B29F,#6D6C67
1022,painting1438,#C6DBDC,#B5B4AF,#253F4C,#6C858C
1023,painting740,#E2E4E3,#24292C,#CFCAA2,#878C92
1024,painting998,#BED2F5,#213862,#67BDE0,#171547
1025,painting754,#D7BB4E,#CAD5D7,#FBF5E9,#0A0C09
1026,painting768,#D9D7CB,#918A80,#BAA383,#565340
1027,painting783,#0E0E10,#1E7DAB,#E0DFDB,#2A2B30
1028,painting1160,#9D9CD5,#AC0000,#630000,#8B0000
1029,painting797,#E1819C,#DE5D79,#C19302,#E67E03
1030,painting1174,#DA9D81,#2C5E2B,#A4C0CB,#867C87
1031,painting967,#B1B7B3,#8E9796,#7D7E6E,#DEE0D2
1032,painting973,#6CD6EE,#AB9E8E,#785843,#899DA4
1033,painting1148,#151513,#AC7560,#77726F,#312C29
1034,painting152,#60615C,#2B2115,#766B55,#C08859
1035,painting634,#4E4C3D,#2D2D2D,#522B2C,#896527
1036,painting7,#020202,#A37E61,#2A1305,#5F3F28
1037,painting620,#FFFFFF,#B0C4C2,#C0D1E3,#11261F
1038,painting146,#29221A,#38321A,#9AACB6,#433B0D
1039,painting608,#0C0B11,#66AD9B,#3C6B73,#1B2A31
1040,painting191,#FFFFFF,#C2AFA1,#DB9564,#6E2908
1041,painting49,#FFFFFF,#131313,#2D2D2D,#424854
1042,painting1014,#FFFEF9,#DDDEE3,#A29B89,#CAC6BB
1043,painting1000,#4590B0,#74A1B4,#160C0A,#D8C5BE
1044,painting185,#6F9DAA,#30525B,#0C1011,#97948F
1045,painting1028,#DCDDD5,#B8BAAD,#121619,#2B2F38
1046,painting813,#EBEBEB,#E0DBC7,#BAB5A2,#999481
1047,painting75,#D2D5E4,#DFCEC7,#37A7E7,#C28836
1048,painting61,#B5ADB8,#DED9C6,#EEB195,#8C8ABC
1049,painting807,#544A41,#D5CEBE,#AFB0AA,#716D62
1050,painting436,#FFFFFF,#C4AF9C,#C2B43A,#1A171E
1051,painting350,#FBF7F4,#393266,#221D45,#CF443D
1052,painting344,#13181B,#BACDD1,#99A7AA,#515659
1053,painting422,#E1E2DC,#5C6769,#A1AEB7,#343D46
1054,painting378,#F8FBF4,#D7DADF,#000004,#B8B7BC
1055,painting1216,#E4E5DD,#010000,#C7C1B1,#B97E46
1056,painting393,#EFECE7,#8F7C6E,#4E7383,#483628
1057,painting387,#F3F3F3,#6D7C9D,#706671,#9496AB
1058,painting1202,#BB8312,#000000,#7A5529,#162E16
1059,painting386,#FFFFFF,#D9DDE8,#A79788,#302D1C
1060,painting1203,#D6D6D6,#000000,#654A2F,#B6ACA2
1061,painting1217,#8F8C7D,#E2D9D2,#666962,#400000
1062,painting392,#141823,#263650,#DCCCBD,#FAF2E5
1063,painting379,#FFFFFF,#B1917A,#282826,#45423D
1064,painting345,#FAFAFA,#0C0F14,#E8E3D0,#CECECE
1065,painting423,#DF541D,#888782,#656C4B,#F4EBE2
1066,painting437,#D682A4,#F3F3F3,#676C80,#E1A0BE
1067,painting351,#B28B6C,#906B50,#343B43,#6A4A35
1068,painting806,#9B9A95,#E1DDD1,#7B7A75,#5B5A58
1069,painting60,#EBEBEB,#B8B8B6,#1E1A19,#7F7F7D
1070,painting74,#144D3E,#25271C,#454334,#CB9163
1071,painting812,#000000,#BBAA8E,#492F18,#846A53
1072,painting1029,#01000E,#FFFEF1,#FFA360,#E59B6A
1073,painting1001,#F6F6F6,#2E2E30,#D1D4DD,#98979F
1074,painting184,#D7DAE1,#FFFFFF,#1C1C1C,#B4B4BC
1075,painting190,#F5F5F7,#2B2D39,#D2D2D4,#F8E0B2
1076,painting1015,#2D6387,#2E4249,#F1F3F2,#C0A39B
1077,painting48,#3C4528,#A49888,#B78759,#A1605E
1078,painting609,#7E8B7A,#2F322B,#5C6455,#A6B0A7
1079,painting621,#407565,#7E0001,#000100,#CBBA38
1080,painting6,#060606,#3A332D,#28170D,#5F4A37
1081,painting147,#C2C0C1,#A19694,#F4F6F5,#28232A
1082,painting153,#E0DFDA,#AF7A98,#925167,#DBB8CC
1083,painting635,#5A483E,#48596D,#73614B,#B17F5A
1084,painting1149,#E8E8E8,#8EC5EC,#C0C4CF,#0167E3
1085,painting972,#181818,#313131,#727272,#4D4D4D
1086,painting966,#24341A,#00552B,#295137,#1B1813
1087,painting1175,#FFFFFF,#FB3566,#CDCDCD,#F9452A
1088,painting796,#FFFFFF,#897F7D,#C4BFBB,#120F0A
1089,painting1161,#CAD1D9,#959FA9,#020305,#797977
1090,painting782,#7F7053,#E89400,#C65630,#D6C8BB
1091,painting769,#160F16,#312829,#513F3F,#835E32
1092,painting755,#6B3C2A,#4D2B22,#FFFFFF,#7A694D
1093,painting999,#E6E6E6,#ACA090,#C7C3B8,#7D787F
1094,painting741,#F2F2F2,#E5C9BB,#8AAEC4,#334A7C
1095,painting1439,#F5F5F5,#C2CCC3,#4D2F37,#AF8577
1096,painting1411,#F53469,#FF59A3,#FA1951,#2C1F29
1097,painting594,#F1F1F3,#F68573,#71B4BA,#6D5227
1098,painting1377,#F2F2F2,#202022,#3F4044,#5B5C61
1099,painting580,#E2E5EA,#8A8074,#C7C6C2,#171719
1100,painting1363,#4A2900,#D3D0CB,#361B00,#0E0000
1101,painting1405,#DCDCDA,#A7B1BA,#666F5E,#252620
1102,painting1388,#2E3D40,#221816,#3F488D,#4B577F
1103,painting219,#EEF5FF,#1C4273,#C1D1E1,#2A4968
1104,painting231,#523429,#943515,#BC9C9D,#FFFFFF
1105,painting557,#F7FBFC,#60676D,#81868A,#454A4E
1106,painting543,#EEEEEE,#DB9E89,#8E6F50,#34342C
1107,painting225,#A1B8C6,#565129,#8F8B70,#816C51
1108,painting518,#E5B400,#EDCD52,#1F2233,#F2E69C
1109,painting524,#6C61E1,#9C8DEC,#B6AAF2,#7E74E4
1110,painting242,#6B6360,#446882,#77889A,#27426F
1111,painting256,#FDFDFD,#C5BCAB,#604373,#B62A29
1112,painting530,#161E29,#6A93BF,#3B577F,#1C3651
1113,painting1338,#FDFDFD,#271918,#5B6D71,#A8B1B6
1114,painting1304,#E6EAE9,#C5D5E4,#A2AFB8,#9BB8D6
1115,painting281,#F0F4F3,#C8C7C2,#A0A3AA,#251716
1116,painting295,#FFFFFF,#DADADA,#8D928E,#BBE7EA
1117,painting1310,#303123,#9AB5B0,#A05627,#7B4722
1118,painting726,#DDDCDA,#B4B0AD,#645A58,#546F84
1119,painting732,#FFFFFF,#4A2C21,#E0E2D7,#B0A8A5
1120,painting901,#ED6C2B,#6F2C26,#1C1C1C,#AA74A6
1121,painting915,#AF4643,#CD383C,#FF8C99,#356346
1122,painting1106,#B69A84,#281E1F,#CDA4AA,#463430
1123,painting929,#FFFFFF,#D6EB38,#D9D9D9,#D6ED81
1124,painting1112,#332729,#54373B,#743F39,#FFFFFF
1125,painting108,#DEE7F8,#B1B8C8,#222325,#BD936B
1126,painting1099,#F3F3F3,#544A55,#C7C7C7,#242225
1127,painting134,#EBEBE9,#FF606A,#C6D4DF,#BBBAB5
1128,painting652,#F3F3F3,#96B6AB,#A62B23,#12130D
1129,painting646,#FFFFFF,#DCDCDC,#BABABA,#999999
1130,painting120,#BABECA,#9A9DAC,#D4D4C8,#1E292D
1131,painting13,#352B2A,#624036,#A8ACB8,#BB8E6F
1132,painting875,#2B4752,#544646,#AEBFCF,#292F3D
1133,painting861,#EEEEEC,#05266D,#CCCBC7,#1E3F82
1134,painting1072,#FE9D8D,#18181A,#3D867B,#31312F
1135,painting691,#F3F3F3,#0D0D0D,#695588,#923540
1136,painting849,#2C2C2C,#474747,#646464,#848484
1137,painting1066,#5E5653,#363820,#41471B,#5A5F25
1138,painting685,#FFFFFF,#656E5B,#D0E6DA,#3D4132
1139,painting478,#000000,#3C5D62,#111020,#533E39
1140,painting450,#B1AAA0,#4A4740,#7F7C77,#664929
1141,painting336,#FFFFFD,#010000,#252525,#DBDBD9
1142,painting322,#6D0F0F,#622223,#8B160D,#9A6D50
1143,painting444,#615A54,#342E32,#DED4CB,#7C7974
1144,painting1258,#E7E7E9,#23221E,#8A773C,#B3A892
1145,painting493,#A5C4D9,#A93154,#C45160,#000004
1146,painting1270,#151811,#5D554A,#322A1D,#2C2F38
1147,painting487,#000000,#5D6823,#39758F,#DCA56C
1148,painting1264,#E5E5E5,#2B2823,#8E8E8C,#DCEBC0
1149,painting1265,#D2D1CC,#989792,#434343,#757470
1150,painting486,#01B284,#017D59,#65A779,#97D499
1151,painting1271,#F1F1F3,#E67344,#242422,#D67354
1152,painting492,#BCC6CF,#76909D,#2D342C,#31484E
1153,painting1259,#F4F4F4,#DBD7E5,#C2BBDA,#A49BC8
1154,painting323,#2F1255,#893119,#D7CEBD,#23103E
1155,painting445,#F3F3F3,#97A8A0,#2A2A20,#99A460
1156,painting451,#987D48,#263A39,#677790,#7B6943
1157,painting337,#FF6201,#FFFFFF,#F45F25,#005A2B
1158,painting479,#1C1C1E,#B2D4D6,#301F18,#51422F
1159,painting684,#CAC3B9,#A19A8A,#565B61,#E1E1E1
1160,painting1067,#1C1C1A,#FFFFFF,#CFCCC3,#A8A191
1161,painting848,#212237,#3A3B57,#060606,#4D4F5C
1162,painting690,#2B2B2B,#CFCFCF,#464646,#676767
1163,painting1073,#F1F1EF,#BF552D,#DC7942,#B09EAC
1164,painting860,#DFDBDC,#000000,#B6BAC3,#FFFEFF
1165,painting874,#8C959E,#5B040A,#36020F,#862202
1166,painting12,#78826A,#443C29,#485C5B,#68624A
1167,painting647,#C9C9CB,#1E1E20,#FFFFFF,#38383A
1168,painting121,#2F2F2F,#534B48,#6A6B66,#908C89
1169,painting135,#5C6175,#777E84,#A8B9C9,#37363E
1170,painting653,#296D80,#050505,#B90B0C,#D7D4CD
1171,painting1098,#DAEE3F,#D2D4E0,#000200,#8A0602
1172,painting109,#26221F,#7C8B8E,#DBE3E5,#3D4751
1173,painting1113,#FFFFFF,#E18BD2,#FF416D,#FF70B8
1174,painting928,#E6DDD8,#FCBF02,#F79A54,#302B28
1175,painting1107,#FFFFFF,#CCD9EA,#000000,#818183
1176,painting914,#E5E2DD,#A97F59,#948B82,#7C4982
1177,painting900,#A9A08F,#887C6C,#C9BCB4,#635643
1178,painting733,#1E1E1E,#FEFEFE,#8AABBE,#301C13
1179,painting727,#B0C874,#B5C98E,#82AC30,#A3C19F
1180,painting294,#E5E2DD,#C3C0BB,#A0A0A0,#717171
1181,painting1311,#D0BB52,#CAC07B,#14151A,#313421
1182,painting1305,#0F1219,#2D3F4D,#859394,#826569
1183,painting280,#030301,#E1E1DF,#232321,#BEBEBC
1184,painting1339,#965269,#8D9298,#38383A,#A87387
1185,painting257,#AFCBD7,#6895AA,#344652,#B2B8B4
1186,painting531,#BCBCBC,#E4E5E7,#040000,#99A098
1187,painting525,#C7C9C8,#A7A6A1,#EBEBEB,#545557
1188,painting243,#A9AEB4,#796658,#414449,#888D93
1189,painting519,#1A475E,#3B647A,#5B7B56,#30352E
1190,painting269,#FFFFFF,#181A19,#414342,#DCDCDC
1191,painting533,#101109,#FEFEFE,#2C261A,#493E2C
1192,painting255,#D19960,#DAB98E,#A87D48,#B4703F
1193,painting241,#F0F2F1,#BBBAB5,#7BBCE6,#A46667
1194,painting527,#32586D,#292826,#272B46,#502F38
1195,painting1313,#CBC3B0,#6683A5,#121655,#355C97
1196,painting296,#121317,#EEEEEE,#9F9F9F,#B2AD8F
1197,painting282,#F1F6F9,#CBCFD2,#582921,#CCA681
1198,painting1307,#1F1F1F,#86898E,#3B393A,#5D575B
1199,painting719,#2C251D,#443F2C,#735C3C,#050507
1200,painting731,#BAB5B1,#DFD7D4,#7D7C78,#595854
1201,painting725,#0D0D0D,#302825,#006498,#01304A
1202,painting916,#9A6261,#744A4B,#C39DA8,#523235
1203,painting902,#1C1B21,#27291E,#988E73,#433B26
1204,painting1139,#ABC4C8,#60776F,#8A9C9C,#746F75
1205,painting1111,#FDFDFD,#000000,#FBBEC3,#E05960
1206,painting1105,#000004,#241A18,#412E20,#7A89C4
1207,painting679,#151515,#2D2E30,#B38B4E,#AF926A
1208,painting123,#DBDDDC,#B8BAB9,#181F25,#979998
1209,painting645,#F8F8FA,#AEA996,#8B8265,#6C6754
1210,painting889,#D1D7D3,#B4C157,#E6DFC5,#788A12
1211,painting651,#B8AC92,#9E8E6D,#D3CDB7,#81725D
1212,painting137,#8FB6DD,#13182B,#26436B,#C4C4C6
1213,painting1059,#F2EDE9,#D0C3B3,#AF9F8F,#8D7D6E
1214,painting862,#D4C79B,#FDFDFD,#A29686,#DAD9D5
1215,painting10,#E5D6D1,#C0B4B6,#9FB4B7,#978480
1216,painting876,#FFFFFF,#989DA3,#CAD3D8,#66707A
1217,painting38,#16120F,#583A2F,#FFF9E9,#2A2C29
1218,painting686,#5A6778,#AC987D,#574231,#816B54
1219,painting1065,#FFFFFF,#DEDACE,#121212,#AB1B1B
1220,painting692,#1D1C17,#767060,#514B3D,#FEFEFE
1221,painting1071,#FA7B84,#061D23,#617C49,#00000C
1222,painting1298,#A89C8E,#4E87A2,#877B6F,#5C7A82
1223,painting309,#E0D0B7,#C4B1A3,#A09289,#68564C
1224,painting447,#131C21,#2F4248,#717C7E,#DEDAD1
1225,painting321,#A3DBD8,#D7C2D5,#A0C2CC,#1E1D22
1226,painting335,#FFFFFF,#00212A,#1A3836,#375553
1227,painting453,#FFFFFF,#595E64,#BFB8A6,#212725
1228,painting1267,#FFFFFF,#DDCD00,#4B3025,#C4483C
1229,painting484,#FFFFFF,#1B1D1C,#DBDBDD,#363A3D
1230,painting1273,#F6F5F3,#D0CBC7,#A8ADB3,#83888E
1231,painting490,#92958E,#543E40,#6B686F,#C8B185
1232,painting491,#CC6624,#E98740,#FFFFFA,#B24D1F
1233,painting1272,#B6B191,#92947C,#8E783E,#19160F
1234,painting485,#19170A,#444537,#FFFFFF,#D9D5CC
1235,painting1266,#E1E1E1,#52525A,#D7A244,#2C2C34
1236,painting334,#E23524,#FFFFE1,#807D88,#EA4242
1237,painting452,#191919,#FFFFFF,#DBDBDB,#B4B4B4
1238,painting446,#5E5242,#25292C,#CACED9,#D7D0BE
1239,painting320,#CDCFCE,#4E8AA4,#ADADAD,#000000
1240,painting308,#E7DCDA,#C2CFE0,#84ADDB,#F0D1E3
1241,painting1299,#151B1B,#606859,#32312C,#32394C
1242,painting1070,#252724,#392618,#471C0B,#683E0E
1243,painting693,#101010,#C2A597,#A68574,#BFBFB5
1244,painting1064,#FEFEFE,#3830DE,#94A9FA,#E0A259
1245,painting687,#EDF2F6,#CDC9BD,#C1AA8A,#7D7369
1246,painting39,#37351C,#CFD1CC,#BD945C,#67646D
1247,painting877,#FEFEFE,#85BDF8,#C9D5AD,#A7CAE8
1248,painting11,#BF141D,#20232A,#D2CCD0,#F17048
1249,painting863,#E8E8E8,#E8D6BE,#9BDACF,#ABA6A2
1250,painting1058,#75B8EF,#DCC7AC,#A8989B,#FEFFFF
1251,painting650,#171717,#4B3C15,#44372E,#6E5826
1252,painting888,#DAD3C0,#3A5F33,#C97A73,#0E3475
1253,painting136,#E3D6CE,#617BA0,#A46C3B,#4B5668
1254,painting122,#E5E3E4,#B3B0AB,#2E242F,#C1DABC
1255,painting644,#342C21,#513B23,#B3A58A,#BB803E
1256,painting678,#B72224,#D6D8E7,#BCB0BC,#22140B
1257,painting1104,#F9F0C7,#EFDB96,#57452F,#6A4006
1258,painting1110,#C04C35,#91884F,#883F2E,#83543A
1259,painting1138,#1B1E17,#003C1A,#022217,#005A31
1260,painting903,#F6F1DE,#070707,#CAC3A9,#3B73D4
1261,painting917,#FFFFFF,#B8452A,#D5BE9F,#C7C6C4
1262,painting724,#FFFDFF,#49D0D3,#1778E3,#1B134E
1263,painting730,#030712,#C5DDFF,#FCF5E3,#FBAC29
1264,painting718,#EFEFED,#658594,#496676,#2B4755
1265,painting283,#BD4B40,#FEC4C3,#8F6441,#FFFFF5
1266,painting1306,#87835E,#AA945B,#FFFFFF,#594C2A
1267,painting1312,#0D0C14,#2D212B,#655971,#3F69A5
1268,painting297,#3ABBD0,#070C10,#6B4B40,#0475AD
1269,painting240,#0F141A,#2C2C2C,#56514E,#DFD1B6
1270,painting526,#0D0B0C,#017DB0,#1E282A,#03639F
1271,painting532,#F1F1F1,#19191B,#B4C0CE,#F3E1C9
1272,painting254,#1A1A1A,#ECEDEF,#C7C8CA,#333335
1273,painting268,#C3BEB8,#2E2D2B,#A29D99,#494846
1274,painting250,#FFFFFF,#424D63,#959A9D,#C9D0E3
1275,painting536,#141318,#8F2319,#2E1A1C,#866850
1276,painting522,#CBDFDE,#BB759A,#A2254D,#A24466
1277,painting244,#F4F4F4,#766C0A,#CE141F,#CFD3D2
1278,painting278,#F9F9FB,#CCD0DC,#6D5A60,#94838B
1279,painting293,#CAC2BF,#101010,#2B2B2B,#666F6C
1280,painting1316,#C8B897,#66A3DC,#005399,#E0D9BC
1281,painting1302,#DFD8CE,#445255,#8A743B,#BDB6AC
1282,painting287,#E5752D,#AE0E00,#AD3900,#AD5500
1283,painting734,#8A8277,#634E39,#C2AE93,#A07650
1284,painting720,#F3F3F3,#1C208E,#8D0000,#4F0216
1285,painting708,#FFFFFF,#57371E,#020308,#01460D
1286,painting1114,#0E0403,#98B4E4,#E3DBF3,#142129
1287,painting1100,#FFFFFF,#D9DADF,#B8B8B8,#959597
1288,painting913,#DCDEEA,#67BFED,#30A1E5,#21211F
1289,painting1128,#477865,#799A8F,#2C5C44,#0E231A
1290,painting907,#DCD8D5,#775E48,#4F5553,#2E302F
1291,painting898,#6F6655,#CABB90,#9C8C73,#8A8039
1292,painting640,#EAEAEA,#DBC8CE,#89C0C3,#B2C2BF
1293,painting126,#2B3C50,#DAC9AD,#9C8B6F,#514A40
1294,painting132,#CB3737,#8C2828,#1E59FF,#B6CBE8
1295,painting654,#5B3D33,#745E60,#4D4D55,#19181D
1296,painting668,#E9EDF6,#2FACEC,#C2D1E4,#121117
1297,painting683,#CDD2D8,#AAAFB5,#B8C0B1,#8B8F98
1298,painting1060,#EAEBEF,#C3BD65,#C4C784,#ADC092
1299,painting697,#FFFFFF,#554E48,#979BA4,#FFE2E4
1300,painting1074,#B00000,#E80F00,#930101,#E7E9E6
1301,painting29,#3A3F38,#88A9B2,#AFAB92,#767E6F
1302,painting867,#FFFFFF,#000000,#D25C5C,#ECADA4
1303,painting15,#E7DFCC,#A69784,#403931,#877C76
1304,painting1048,#E8E8E6,#1C1C1C,#323637,#C3C5C2
1305,painting873,#0F3878,#3D5D98,#F7F6F1,#F2C09F
1306,painting324,#E6B904,#176C4D,#4F7D4F,#276F25
1307,painting442,#000200,#DF0100,#FFDF01,#D48C38
1308,painting456,#EBEBEB,#C3AB9F,#9C8164,#CAC9C5
1309,painting330,#FEFEFE,#B3B4AE,#D4DAD8,#949494
1310,painting318,#E0E1D9,#AEA79D,#9EA1B2,#44465B
1311,painting1289,#08090E,#28292B,#8A0309,#154985
1312,painting1262,#F4F4F4,#242321,#24362A,#214225
1313,painting481,#231C14,#D5CFC1,#F6D784,#427EB4
1314,painting1276,#6A55A0,#DBDCE0,#D1CC7B,#1E1D23
1315,painting495,#DEDFDA,#9FA5A3,#3B3829,#897E68
1316,painting494,#FFFFFF,#9BACBC,#83717F,#18191E
1317,painting1277,#101010,#2A2A2A,#85888D,#484445
1318,painting480,#768990,#3F613E,#364F4C,#616030
1319,painting1263,#DDD9CE,#C1A790,#B0B6B6,#4C5154
1320,painting1288,#CACACA,#F1F1F1,#670F0D,#8A1317
1321,painting319,#2C2825,#9C9288,#47443F,#766F67
1322,painting457,#5E80D9,#E5A47A,#85A3E1,#C0D4EF
1323,painting331,#E09949,#C57530,#D9A4AA,#BD4723
1324,painting325,#C9CFCB,#989DA0,#131313,#BFA19F
1325,painting443,#48C2DA,#A5D5E3,#69D2CD,#D9DBCD
1326,painting872,#262B31,#694630,#BB784B,#C9B55F
1327,painting1049,#2E2E2C,#EFEDC7,#737371,#7DA8CB
1328,painting14,#020202,#71624B,#1C1704,#BCC3C9
1329,painting866,#F2D3D8,#262F34,#264B68,#01061A
1330,painting28,#EBE4DE,#151515,#565044,#5A6C60
1331,painting1075,#846259,#988171,#E1D0B6,#B6AB7E
1332,painting696,#F3F3F3,#7B6B51,#C9C1BE,#817F80
1333,painting1061,#BAC0BE,#72777B,#54595D,#353B39
1334,painting682,#1B2023,#323641,#0149B8,#395884
1335,painting669,#DFEA9C,#060709,#E9D3C6,#FFFFFF
1336,painting133,#887265,#A8B1B8,#BDC0AF,#808589
1337,painting655,#BE2B1B,#CEC2B2,#232639,#405282
1338,painting641,#FFFFFF,#000000,#737371,#DADAD8
1339,painting899,#F3F3F3,#CBC5B9,#695D29,#7B919F
1340,painting127,#9F9CA3,#7DA998,#76808A,#506674
1341,painting906,#535548,#A4A27C,#727466,#525836
1342,painting1129,#010000,#5F594B,#201D16,#3A362B
1343,painting912,#938676,#846C52,#ADA49B,#DDDDDD
1344,painting1101,#4C8CBA,#376F92,#23516B,#6FACDB
1345,painting1115,#352A3B,#E2F8F5,#4F3A5B,#3D94FE
1346,painting709,#007A4B,#886A4E,#00A074,#623300
1347,painting721,#1B1C1E,#3C3C3A,#4D5546,#ECD9C8
1348,painting735,#FFFFFF,#BAA27E,#DCDCDC,#BBB2AB
1349,painting1303,#FFFFFF,#E18403,#F5F0DA,#FFD83B
1350,painting286,#FCFDFF,#D9DADC,#161415,#B9B8B4
1351,painting292,#F3F3F3,#AEC5E7,#B3A8D3,#CD4F05
1352,painting1317,#B08B71,#3C454E,#56443A,#8B634A
1353,painting279,#020202,#202123,#7E1414,#6F2121
1354,painting523,#918F94,#8B8053,#99463E,#956B43
1355,painting245,#FFFFFF,#CCCCCE,#2A2E2D,#96938E
1356,painting251,#90957F,#1F1A17,#77784C,#D9DEB6
1357,painting537,#D8CAB0,#171614,#332C24,#654725
1358,painting247,#CAC2BF,#A2A6A7,#4F565C,#322D34
1359,painting521,#060606,#FFFFFF,#FEE504,#FF520D
1360,painting535,#E8E4DB,#161C1C,#303636,#F9E314
1361,painting253,#5C4614,#E1E3E2,#736328,#9B8242
1362,painting509,#000000,#95918E,#C5BA68,#8B7A6A
1363,painting284,#C73645,#E06D74,#C59148,#A55D35
1364,painting1301,#F9F3E7,#563C21,#DFCDB5,#5F3C3A
1365,painting1315,#FFFFFF,#48403D,#82665B,#A69385
1366,painting290,#FFFFFF,#4A4D5C,#000000,#1D1C24
1367,painting1329,#BD8860,#8C9EA8,#6391AB,#302C2D
1368,painting723,#D7A5C8,#D4BFD2,#000000,#CDD2D5
1369,painting737,#FFFFFF,#142245,#303E61,#515F82
1370,painting938,#ABBC9C,#090A0E,#48623D,#272A33
1371,painting1103,#020D21,#ABC4EC,#1B283B,#667183
1372,painting1117,#362315,#242C37,#3F3432,#53402F
1373,painting904,#5F5848,#000013,#FFFFFF,#4C3C2D
1374,painting910,#9A9FA3,#89857C,#ABA494,#EADECE
1375,painting657,#161616,#018EAC,#B78554,#E8A516
1376,painting131,#1C1C1E,#343530,#4D3221,#41512C
1377,painting125,#F3F3F3,#2E312A,#4D515C,#75856B
1378,painting643,#FFFFFF,#C1C4CD,#E9DEC0,#373B22
1379,painting1088,#010103,#FFFFFF,#DFD4DC,#6E2C16
1380,painting119,#C7C2C9,#A7A3A4,#514F50,#333333
1381,painting1077,#C5C4C0,#656132,#280B03,#AAA399
1382,painting694,#000000,#908E81,#1F201B,#EDDDC3
1383,painting1063,#5E3926,#B79570,#2E1A11,#A85B15
1384,painting680,#F3F3F3,#ECE5C9,#D1D1CF,#A5A79C
1385,painting858,#121212,#212B2D,#34474B,#E3D200
1386,painting16,#131210,#4C4743,#F8F1DF,#422811
1387,painting870,#899D9E,#4C6C77,#151610,#B2C0C1
1388,painting864,#C7BEB7,#EDC472,#A59E94,#2F2E3C
1389,painting333,#F0E9D6,#F0C3A2,#ECDBB0,#FFC501
1390,painting455,#FFFFFF,#5F999B,#000000,#FFF3C9
1391,painting441,#FBFBFB,#F25542,#82AA6C,#361C29
1392,painting327,#FEFDFB,#74979B,#E7DAD2,#557979
1393,painting469,#B2AEAB,#293B47,#1F1B1A,#475B5C
1394,painting496,#000100,#21201E,#44433E,#63605B
1395,painting1275,#F4F1EC,#BEBFBA,#DED2A0,#E9E2C5
1396,painting482,#FEFEFE,#B8914C,#3A3521,#585439
1397,painting1261,#F3F3F3,#CBCFD2,#232325,#ADADAF
1398,painting1249,#F7F7F7,#FFE5DA,#B7B7B7,#3E82A5
1399,painting1248,#3E3E1A,#504B37,#8C8648,#6D90AE
1400,painting1260,#FFFFFF,#D7D8DA,#D4CBAA,#B4B5B7
1401,painting483,#FFFFFD,#000000,#222222,#DADAD8
1402,painting1274,#B8A773,#94855A,#DCCDA4,#75663D
1403,painting497,#BABBB6,#000000,#1D1D15,#353628
1404,painting468,#000000,#809CA0,#C7B88D,#627675
1405,painting440,#000000,#FFFFFB,#E3DBD0,#597978
1406,painting326,#F7C0DF,#5C3D21,#F0DCE7,#2A1208
1407,painting332,#D5DAE0,#1D1C22,#AEB5BD,#8F95A3
1408,painting454,#F2F2F2,#072557,#CE9F09,#29375E
1409,painting865,#0D0C12,#C3E3EE,#182552,#0E1327
1410,painting871,#141B2D,#03AE9E,#039099,#03C297
1411,painting17,#141414,#272C32,#86877F,#4F4029
1412,painting859,#D9D9D7,#C52D22,#CEA203,#B7B7B7
1413,painting681,#232122,#3D3B3C,#ECEAEB,#5E5654
1414,painting1062,#897F73,#615B4F,#453E34,#AA9E90
1415,painting695,#5C020B,#79010A,#FF8BC8,#FF0188
1416,painting1076,#63B786,#A1D9BC,#115429,#27744A
1417,painting118,#093744,#519BB4,#091219,#1E5361
1418,painting1089,#D8D2C6,#202020,#B5B2AD,#FFFFFF
1419,painting124,#A7929B,#CAC5CB,#7D7C82,#4A2E44
1420,painting642,#EEEEEE,#252525,#9F7955,#7E5E45
1421,painting656,#2CCDF9,#010204,#152233,#46E0FA
1422,painting130,#D8DCDB,#B2B3AE,#8A8484,#47464B
1423,painting911,#CBBFB1,#959887,#6D6966,#D0BE9A
1424,painting905,#353432,#2C9294,#D2E0E9,#298FA8
1425,painting1116,#FFFFFF,#5E89FC,#26324C,#CDE2F7
1426,painting1102,#95B689,#E7E7E7,#546579,#79946B
1427,painting939,#FFFFFF,#BDA67A,#ECDCDC,#D3AFBB
1428,painting736,#F3F0EB,#454F4E,#D1CEC9,#5B5643
1429,painting722,#FEFEF4,#040404,#42382E,#212025
1430,painting1328,#2B2B2B,#474745,#565C6C,#564734
1431,painting1314,#030000,#FFFFFF,#242328,#443230
1432,painting291,#230C06,#44261E,#651804,#8C4C4D
1433,painting285,#C4E7E3,#8DD3D1,#FFFFFF,#F9E560
1434,painting1300,#B2B2B2,#202028,#203051,#DBCEA2
1435,painting508,#E1E6EA,#15402C,#7B776C,#412611
1436,painting534,#FAFAFA,#252324,#CEB000,#FFEA00
1437,painting252,#83482A,#CAAE29,#E35B21,#88C5F4
1438,painting246,#20213D,#050505,#393B54,#565871
1439,painting520,#0C0C0C,#1D2A20,#3E5447,#63796D
