,Artsy,Widewalls,artist_name,artist_website,artist_ins
0,2,281,Roy Lichtenstein,lichtensteinfoundation.org,https://www.instagram.com/roylichtenstein/?hl=en
1,12,2260,Josep Guinovart,,
2,13,103,Macha Poynder,www.machapoynder.com,https://www.instagram.com/macha_poynder/?hl=en
3,36,1954,Eddie Martinez,eddiemartinez.net,https://www.instagram.com/_eddiemartinez/?hl=en
4,37,1826,Louis Masai,louismasai.com,https://www.instagram.com/louismasai/?hl=en
5,38,892,Richard Serra,,https://www.instagram.com/richard.serra/?hl=en
6,41,866,Arthur Dorval,www.arthurdorval.com,https://www.instagram.com/arthur.dorval/?hl=en
7,43,1924,David LaChapelle,www.davidlachapelle.com,https://www.instagram.com/david_lachapelle/?hl=en
8,45,1770,Paul Gauguin,www.paul-gauguin.net,
9,58,1725,Cleon Peterson,cleonpeterson.com,https://www.instagram.com/cleonpeterson/?hl=en
10,90,1359,Jack Pierson,www.jackpiersonstudio.com,https://www.instagram.com/jackpierson9/?hl=en
11,91,2029,Arnaldo Pomodoro,www.fondazionearnaldopomodoro.it,
12,107,1090,Lady Pink,www.ladypinknyc.com,https://www.instagram.com/ladypinknyc/?hl=en
13,113,1338,George Condo,,https://www.instagram.com/george.condo/?hl=en
14,116,1822,Aya Takano,,
15,119,651,Ben Shahn,,
16,122,1811,Magnus Gjoen,www.magnusgjoenart.com,https://www.instagram.com/magnusgjoen/?hl=en
17,127,2118,Adam Lister,adam-lister-gallery.myshopify.com,
18,150,2038,Michael Goldberg,www.michaeljgoldberg.net,https://www.instagram.com/daniellegoldberg/?hl=en
19,151,2101,George Tooker,,
20,152,1282,Christopher Wool,wool735.com,https://www.instagram.com/christopher_wool/?hl=en
21,155,45,Josef Albers,www.albersfoundation.org,https://www.instagram.com/josef.albers/
22,157,50,Robert Indiana,robertindiana.com,https://www.instagram.com/robertindiana/?hl=en
23,159,1380,George Grosz,,
24,170,1829,Max Weber,www.maxweberstiftung.de,
25,179,2003,Carl Andre,www.carlandre.net,https://www.instagram.com/carl.andre.art/?hl=en
26,180,2201,Jo Di Bona,www.jodibona.com,https://www.instagram.com/jodibona/?hl=en
27,183,1084,Elmgreen & Dragset,www.elmgreengolfclub.ie,
28,191,410,Mattia Bosco,,
29,216,377,Efren Isaza,www.efrenisaza.com,
30,226,1857,Genieve Figgis,www.genievefiggis.com,https://www.instagram.com/genievefiggis/?hl=en
31,232,1313,Milton Avery,,
32,241,1741,Marino Marini,museomarinomarini.it,
33,243,1414,Leonardo Drew,,
34,248,1390,Carlos Cruz-Diez,cruz-diez.com,https://www.instagram.com/carloscruzdiez/?hl=en
35,251,1994,Yang Maoyuan,www.yangmaoyuan.com,
36,257,2100,Elizabeth Murray,elizabethmurrayart.org,https://www.instagram.com/elizabethmurrayart/?hl=en
37,258,2058,Rachel Whiteread,,
38,259,601,Joan Witek,www.joanwitek.org,
39,261,1349,Adolph Gottlieb,www.gottliebfoundation.org,
40,264,1345,Thomas Struth,www.thomasstruth32.com,
41,269,1457,Tony Marsh,www.tonymarshceramics.com,https://www.instagram.com/tonymarshlb/?hl=en
42,275,240,Dean West,www.deanwest.com,https://www.instagram.com/deanwest/?hl=en
43,279,1523,Pez,www.pez-artwork.com,
44,282,414,Yaacov Agam,,https://www.instagram.com/yaacov_agam/?hl=en
45,284,325,Bharti Kher,bhartikher.com,https://www.instagram.com/bharti_kher/?hl=en
46,291,882,Christopher Makos,www.makostudio.com,https://www.instagram.com/christophermakos/?hl=en
47,292,2205,Ossip Zadkine,www.zadkine.com,
48,294,914,The Connor Brothers,www.theconnorbrothers.com,
49,296,943,Oli Epp,www.oliepp.com,https://www.instagram.com/oli.epp/?hl=en
50,298,1252,Sheena Rose,www.sheenaroseart.com,https://www.instagram.com/sheenaroseinc/?hl=en
51,300,761,Francine Tint,www.francinetint.com,https://www.instagram.com/francinetint/?hl=en
52,307,741,Eduardo Sarabia,www.eduardosarabia.com,https://www.instagram.com/_eduardosarabia/?hl=en
53,314,540,Enrico Baj,,
54,315,1018,Claes Oldenburg,www.oldenburgvanbruggen.com,https://www.instagram.com/claes_oldenburg/?hl=en
55,317,905,Leonor Fini,www.leonor-fini.com,https://www.instagram.com/_leonorfini_/?hl=en
56,318,641,Bridget Riley,,https://www.instagram.com/bridgetlriley/?hl=en
57,321,248,Yoshitomo Nara,www.yoshitomonara.org,
58,339,2016,Mambo,www.mambo.vu,
59,340,1823,Herbert Brandl,,
60,345,2151,Bradley Hart,www.bradleyhart.ca,https://www.instagram.com/bradleyhartnyc/?hl=en
61,346,627,John Chamberlain,www.johnchamberlain.co,https://www.instagram.com/john.a.chamberlain/?hl=en
62,350,284,Sandro Chia,,https://www.instagram.com/sandroxchia/?hl=en
63,352,1754,Alec Soth,alecsoth.com,
64,353,31,Pablo Picasso,www.pablopicasso.org,https://www.instagram.com/pablopicasso_arty/?hl=en
65,356,374,Johan Creten,,https://www.instagram.com/johan_creten/?hl=en
66,367,2098,Olivier Mosset,,
67,378,2202,Ettore Sottsass,,https://www.instagram.com/ettoresottsass/?hl=en
68,381,2071,Frantisek Drtikol,,https://www.instagram.com/atelierdrtikol/?hl=en
69,389,2338,Add Fuel,www.addfuel.com,https://www.instagram.com/addfuel/?hl=en
70,400,918,Leonardo Nierman,,
71,408,1893,Buff Monster,www.buffmonster.com,https://www.instagram.com/buffmonster/?hl=en
72,423,1932,Martin Parr,www.martinparr.com,https://www.instagram.com/martinparrfdn/?hl=en
73,425,232,Mel Bochner,www.melbochner.net,
74,428,154,Daniel Arsham,www.danielarsham.com,https://www.instagram.com/danielarsham/?hl=en
75,436,1923,Cindy Sherman,www.cindysherman.com,https://www.instagram.com/cindysherman/?hl=en
76,441,1060,General Idea,www.generalidea.agency,https://www.instagram.com/generalidea_/?hl=en
77,447,1462,Tamara Dean,www.tamaradean.com.au,https://www.instagram.com/tamaradean/?hl=en
78,450,427,Corneille,www.corneillelaw.com,https://www.instagram.com/doncorneille/?hl=en
79,451,1633,Nina Chanel Abney,www.ninachanelabney.com,https://www.instagram.com/ninachanel/?hl=en
80,462,2183,Julio Le Parc,www.julioleparc.org,https://www.instagram.com/juanleparc/?hl=en
81,464,1321,Abraham Walkowitz,,
82,473,233,David Drebin,daviddrebin.com,https://www.instagram.com/daviddrebin/?hl=en
83,478,21,Hunter & Gatti,www.hunterboots.com,
84,494,1804,Lauren Baker,laurenbakerart.com,https://www.instagram.com/laurenbakerart/?hl=en
85,511,633,Tenesh Webber,www.teneshwebber.com,
86,515,1997,Leonora Carrington,,https://www.instagram.com/leonoracarringtonestate/?hl=en
87,517,988,Juan Carlos Collada,colladaart.com,
88,532,2147,Zest,zestartistcollective.weebly.com,
89,551,2021,Ansel Adams,www.anseladams.com,https://www.instagram.com/anseladams/?hl=en
90,552,625,John Baldessari,www.baldessari.org,https://www.instagram.com/johnbaldessari/?hl=en
91,553,1074,Gilbert and George,www.gilbertandgeorge.co.uk,
92,554,2123,Larry Bell,larrybell.com,
93,559,316,Allen Jones,www.allenjonesusedcarsinc.com,
94,560,891,Sol LeWitt,www.sollewittprints.org,https://www.instagram.com/sol.lewitt.art/?hl=en
95,563,2277,Mr Doodle,mrdoodle.com,https://www.instagram.com/mrdoodle/?hl=en
96,566,2315,Jimmie Durham,,
97,570,1864,Yigal Ozeri,www.yigalozeriartist.com,https://www.instagram.com/yigalozeri/?hl=en
98,571,1026,Ross Bleckner,www.rbleckner.com,https://www.instagram.com/rossbleckner/?hl=en
99,573,2060,Nicole Eisenman,,https://www.instagram.com/nicoleeisenman/?hl=en
100,586,1404,Tomokazu Matsuyama,,https://www.instagram.com/tomokazumatsuyama/?hl=en
101,588,878,Ivan Argote,ivanargote.com,https://www.instagram.com/ivan_argote/?hl=en
102,594,888,Ben Frost,www.benfrostisdead.com,
103,600,1998,Daido Moriyama,www.moriyamadaido.com,
104,605,2336,Kim MacConnel,,
105,611,552,Ai Weiwei,www.aiweiwei.com,https://www.instagram.com/a.i.weiwei/?hl=en
106,613,1694,Otis Kwame Kye Quaicoe,,https://www.instagram.com/otis_quaicoe/?hl=en
107,615,472,Menashe Kadishman,www.menashekadishman.com,https://www.instagram.com/menashe_kadishman/?hl=en
108,620,1045,Alphonse Mucha,www.alfonsmucha.org,https://www.instagram.com/alphonsemucha/?hl=en
109,622,852,Nan Goldin,,
110,635,107,Roberto Matta,robertomatta.com,
111,639,1355,Wolfgang Tillmans,tillmans.co.uk,https://www.instagram.com/wolfgang_tillmans/?hl=en
112,649,974,Henrik Eiben,henrikeiben.de,https://www.instagram.com/henrikeiben/?hl=en
113,650,1960,Vija Celmins,,
114,664,1511,Tunji Adeniyi-Jones,www.tunjiadeniyi-jones.com,
115,669,1895,C215,www.c215.fr,
116,671,129,Marc Chagall,www.marcchagall.net,https://www.instagram.com/marc.chagall_/?hl=en
117,679,1963,Per Kirkeby,,
118,686,508,Cameron Platter,cameronplatter.com,https://www.instagram.com/cameronplatter/
119,688,1334,Pure Evil,pureevilgallery.com,
120,690,647,Magnus Plessen,,
121,692,644,Kiki Smith,,https://www.instagram.com/kikism/?hl=en
122,694,1347,Martin Whatson,martinwhatson.com,https://www.instagram.com/martinwhatson/?hl=en
123,695,2196,OG Slick,www.ogslick.com,https://www.instagram.com/og_slick/?hl=en
124,696,276,Jessica Snow,www.jessicasnowart.com,https://www.instagram.com/jessicasnowart/?hl=en
125,699,424,Greet Helsen,,
126,700,421,Takashi Murakami,www.takashimurakami.com,https://www.instagram.com/takashipom/?hl=en
127,701,949,Javier Calleja,callejastudio.com,https://www.instagram.com/javicalleja/?hl=en
128,702,1023,Stephan Balkenhol,,
129,705,1785,Al Held,www.alheldfoundation.org,
130,711,1387,Reginald Marsh,,
131,716,463,Elizabeth Peyton,,https://www.instagram.com/elizabethpeyton_1/?hl=en
132,726,1587,Fritz Scholder,www.fritzscholder.com,
133,727,78,Peter Max,petermax.com,https://www.instagram.com/petermaxart/?hl=en
134,731,269,On Hansen,www.hansenpaintinginc.com,https://www.instagram.com/on_hansen/?hl=en
135,739,2238,Walter Robinson,www.walterrobinsonart.com,https://www.instagram.com/walter_robinson/?hl=en
136,740,99,Alexander Calder,calder.org,https://www.instagram.com/alexandercalder_/?hl=en
137,743,963,Paul Wackers,www.paulwackers.com,
138,747,1968,Franz West,,
139,752,1751,Gavin Turk,gavinturk.com,https://www.instagram.com/gavinturkegg/?hl=en
140,766,1749,Donald Baechler,www.donaldbaechler.com,https://www.instagram.com/donaldbaechler/?hl=en
141,771,2121,Gonzalo Fuenmayor,gonzalofuenmayor.com,
142,775,1984,The London Police,www.thelondonpolice.com,https://www.instagram.com/thelondonpolice/?hl=en
143,784,929,Ai Kijima,www.aikijima.com,https://www.instagram.com/aikijima/?hl=en
144,792,556,Wifredo Lam,www.wifredolam.net,
145,795,1724,Fin DAC,findac.tumblr.com,https://www.instagram.com/findac/?hl=en
146,812,724,Peter Hujar,peterhujararchive.com,
147,824,1941,Tony Cragg,www.tony-cragg.com,
148,834,1361,Louise Nevelson,louisenevelsonfoundation.org,https://www.instagram.com/louise.nevelson/?hl=en
149,839,1853,Juno Calypso,www.junocalypso.com,https://www.instagram.com/junocalypso/?hl=en
150,842,893,Nobuyoshi Araki,,
151,856,1732,Joseph Kosuth,,
152,859,844,Mark Beard,,https://www.instagram.com/smarkbeard/?hl=en
153,860,1451,Peter Lik,lik.com,https://www.instagram.com/peterlik/?hl=en
154,861,911,Troy Brauntuch,www.troybrauntuch.com,
155,870,1700,Tomoko Nagai,,
156,871,1789,Pablo Atchugarry,pieroatchugarry.com,
157,874,250,Joe Tilson,www.joetilson.com,
158,878,1077,Peter Blake,www.peterblakegallery.com,
159,879,1010,Julie Peppito,juliepeppito.com,https://www.instagram.com/juliepeppito/?hl=en
160,883,1366,Adam Pendleton,adampendleton.net,
161,885,2,David Shrigley,davidshrigley.com,https://www.instagram.com/davidshrigley/?hl=en
162,893,1706,Madeline Donahue,www.madelinedonahue.com,https://www.instagram.com/madelinedonahue/?hl=en
163,900,639,Gudrun Mertes-Frady,,https://www.instagram.com/gudrunmertesfrady/?hl=en
164,910,746,Henry Moore,www.henry-moore.org,
165,915,183,Tony Tasset,www.tonytasset.com,
166,929,1378,Fiona Rae,www.fiona-rae.com,
167,932,49,Margaret Morrison,morrison-sporrans.co.uk,https://www.instagram.com/margaretwmorrison/?hl=en
168,940,717,Capucine Safir,capucinesafir.com,https://www.instagram.com/capucinesafirart/?hl=en
169,946,1058,CB Hoyo,www.cbhoyoart.com,https://www.instagram.com/cbhoyo/?hl=en
170,949,1296,Francisco Toledo,www.franciscotoledo.net,
171,966,346,Elena Bulatova,www.elenabulatovafineart.com,https://www.instagram.com/elenabulatova_/?hl=en
172,967,2158,Jorinde Voigt,jorindevoigt.com,https://www.instagram.com/jorindevoigt/?hl=en
173,975,1021,Massimo Vitali,www.massimovitali.com,https://www.instagram.com/_massimovitali_/?hl=en
174,979,728,Herbert Bayer,,
175,982,553,Robert Mapplethorpe,www.mapplethorpe.org,
176,984,1278,Swiz,,
177,992,1753,Miaz Brothers,www.miazbrothers.com,https://www.instagram.com/miazbrothers/?hl=en
178,1007,1820,Jorge Macchi,jorgemacchi.com,https://www.instagram.com/jolmacch/?hl=en
179,1012,488,Beverly Fishman,www.beverlyfishmanstudio.com,https://www.instagram.com/bev_fishman/?hl=en
180,1016,2375,Rex Ashlock,www.rexashlocktrust.com,
181,1018,2085,George Segal,segalfoundation.org,
182,1019,1271,Jon Burgerman,jonburgerman.com,https://www.instagram.com/jonburgerman/?hl=en
183,1022,315,Nathan Sawaya,,https://www.instagram.com/nathansawaya/?hl=en
184,1028,2035,David Salle,,https://www.instagram.com/david_salle/?hl=en
185,1031,1902,AJ Fosik,www.ajfosik.com,https://www.instagram.com/ajfosik/?hl=en
186,1037,1962,Alex Prager,www.alexprager.com,https://www.instagram.com/alexprager/?hl=en
187,1041,729,Max Papart,,
188,1042,1898,Conor Harrington,www.conorharrington.com,
189,1053,907,Jonas Wood,,https://www.instagram.com/jonasbrwood/?hl=en
190,1060,1068,Louise Bourgeois,,https://www.instagram.com/louisebourgeois33/?hl=en
191,1067,429,Pierre Alechinsky,,
192,1073,1891,Alec Monopoly,www.alecmonopoly.com,https://www.instagram.com/alecmonopoly/?hl=en
193,1088,7,Dan Christensen,www.danchristensen.com,
194,1095,715,Gunnar Norrman,,
195,1113,1894,Blek le Rat,blekleratoriginal.com,
196,1114,187,Richard Caldicott,www.richardcaldicott.co.uk,https://www.instagram.com/richardcaldicott/
197,1118,720,Gene Davis,www.genedavissales.com,https://www.instagram.com/thegenedavis/?hl=en
198,1123,473,Stanley Whitney,,https://www.instagram.com/stanley.whitney/?hl=en
199,1138,89,Jeff Koons,www.jeffkoons.com,https://www.instagram.com/jeffkoons/?hl=en
200,1147,545,Pedro Cabrita Reis,pedrocabritareis.com,
201,1152,1279,Francis Bacon,www.francis-bacon.com,
202,1153,1792,Valerio Adami,,
203,1177,11,KAWS,kawsone.com,https://www.instagram.com/kaws/?hl=en
204,1184,2532,Derrick Adams,www.derrickadams.com,https://www.instagram.com/derrickadamsny/?hl=en
205,1187,940,Claire Tabouret,www.clairetabouret.com,https://www.instagram.com/clairetabouret/?hl=en
206,1192,1071,Terence Koh,,
207,1207,1643,Dan Lam,bydanlam.com,
208,1219,1214,Benny Andrews,www.bennyandrews.com,
209,1234,856,Mimmo Rotella,,
210,1242,1352,Joan Mitchell,www.joanmitchellfoundation.org,https://www.instagram.com/joanmitchellfdn/?hl=en
211,1243,551,Swoon,swoonstudio.org,https://www.instagram.com/swoon/?hl=en
212,1244,1779,Man Ray,www.manray.net,
213,1248,1285,Wayne Thiebaud,,https://www.instagram.com/waynethiebaud_/?hl=en
214,1262,2247,John Coplans,www.johncoplanstrust.org,
215,1265,2138,Mau Mau,www.mau-mau.co.uk,
216,1266,2094,Shozo Shimamoto,,
217,1270,108,Matt Mullican,,https://www.instagram.com/mattmullican/?hl=en
218,1275,663,Jay Rosenblum,,
219,1276,1293,Peter Zimmermann,peterzimmermann.com,https://www.instagram.com/peterwzimmerman/?hl=en
220,1283,1075,Niki de Saint Phalle,nikidesaintphalle.org,https://www.instagram.com/niki_de_saint_phalle/?hl=en
221,1286,894,Eric Fischl,www.ericfischl.com,
222,1294,1358,Peter Halley,www.peterhalley.com,https://www.instagram.com/peterhalley/?hl=en
223,1298,1629,Calman Shemi,www.calman-shemi.com,https://www.instagram.com/calmanshemi/?hl=en
224,1302,83,Alex Katz,www.alexkatz.com,
225,1305,166,Donald Sultan,donaldsultanstudio.com,https://www.instagram.com/donaldsultan/?hl=en
226,1308,1755,Frank Auerbach,,
227,1311,1677,Robert Kelly,robertkellystudio.net,https://www.instagram.com/rhmkelly/?hl=en
228,1315,1958,Ernesto Neto,,https://www.instagram.com/ernestonetoart/?hl=en
229,1322,1942,Marc Quinn,marcquinn.com,https://www.instagram.com/marcquinnart/?hl=en
230,1323,212,Tracey Adams,traceyadamsart.com,https://www.instagram.com/traceyadamsart/?hl=en
231,1324,1735,Joseph Beuys,,https://www.instagram.com/josephbeuyscafe/?hl=en
232,1327,656,Simon Thompson,www.thisissimonthompson.com,
233,1329,1110,Arthur Luiz Piza,www.arthur-luiz-piza.com,
234,1337,1685,Jeff Kellar,www.jeffkellar.com,https://www.instagram.com/jeff.kellar/?hl=en
235,1339,2337,Florian Eymann,www.florianeymann.com,https://www.instagram.com/florianeymann/?hl=en
236,1341,1996,Gregory Crewdson,www.gregorycrewdsonmovie.com,
237,1347,896,Mimmo Paladino,,
238,1351,367,Greg Beebe,www.gbeebeart.com,https://www.instagram.com/gregbeebeart/?hl=en
239,1358,1382,Hermann Nitsch,www.nitsch-foundation.com,https://www.instagram.com/museonitsch/
240,1359,368,Invader,www.space-invaders.com,
241,1361,2149,Matthew Craven,matthewcraven.com,
242,1362,172,Peter Doig,,https://www.instagram.com/peterdoig/?hl=en
243,1364,464,Karel Appel,,https://www.instagram.com/karelappel1921/
244,1367,1921,David Ostrowski,www.david-ostrowski.com,
245,1369,1291,Grayson Perry,,
246,1377,271,LeRoy Neiman,www.leroyneiman.com,
247,1398,38,Mel Ramos,www.melramos.com,
248,1412,1775,Richard Tuttle,,https://www.instagram.com/richardtuttle/?hl=en
249,1441,133,Keith Haring,www.haring.com,https://www.instagram.com/keithharing_/?hl=en
250,1446,273,Larry Rivers,www.larryriversfoundation.org,
251,1447,1781,Pierre-Auguste Renoir,www.pierre-auguste-renoir.org,
252,1454,1938,Antony Gormley,www.antonygormley.com,https://www.instagram.com/antonygormley420/?hl=en
253,1460,1965,Laurie Simmons,www.lauriesimmons.net,https://www.instagram.com/lauriesimmons/?hl=en
254,1471,164,David Hockney,www.hockney.com,https://www.instagram.com/david.hockney/?hl=en
255,1475,839,Idris Habib,,
256,1498,1948,Robert Longo,www.robertlongo.com,
257,1500,1307,Conrad Marca-Relli,,
258,1501,566,Hamish Fulton,,
259,1506,1953,Gary Baseman,garybaseman.com,https://www.instagram.com/garybaseman/?hl=en
260,1516,1634,Derrick Velasquez,derrickvelasquez.com,
261,1523,654,Steve Kaufman,www.stevekaufmanart.com,https://www.instagram.com/thestevenkaufman/?hl=en
262,1528,861,Jack Youngerman,www.jackyoungerman.com,
263,1533,2324,Max Ingrand,,
264,1536,470,Jason Middlebrook,jasonmiddlebrook.com,
265,1540,1289,Vik Muniz,vikmuniz.net,https://www.instagram.com/vikmuniz/?hl=en
266,1552,317,Atelier Van Lieshout,www.ateliervanlieshout.com,https://www.instagram.com/atelier_van_lieshout/?hl=en
267,1557,1904,Brett Amory,www.brettamory.com,https://www.instagram.com/brettamory/?hl=en
268,1560,1287,Anish Kapoor,anishkapoor.com,https://www.instagram.com/anish.kapoor/?hl=en
269,1562,851,Frank Stella,frankstellanyc.com,https://www.instagram.com/frankstellaart/?hl=en
270,1563,1950,Joe Bradley,www.josephbradleystudio.com,https://www.instagram.com/joebradley_fc/?hl=en
271,1572,2226,Eyvind Earle,eyvindearle.com,https://www.instagram.com/eyvindearleart/?hl=en
272,1575,1097,Lino Tagliapietra,www.linotagliapietra.com,https://www.instagram.com/linotagliapietra/?hl=en
273,1578,1286,Martin Kippenberger,,
274,1582,1402,Waltercio Caldas,,
275,1584,415,Victor Vasarely,www.vasarely.com,https://www.instagram.com/victorvasarely/?hl=en
276,1588,465,Albert Watson,www.albertwatson.net,
277,1589,121,James Rosenquist,www.jamesrosenquiststudio.com,https://www.instagram.com/jamesrosenquist/?hl=en
278,1591,1121,Pia Camil,piacamil.me,https://www.instagram.com/piacamil/?hl=en
279,1605,2068,John Hoyland,www.johnhoyland.com,https://www.instagram.com/johnhoylandra/?hl=en
280,1607,859,Romare Bearden,beardenfoundation.org,
281,1608,871,Anna Maria Maiolino,annamariamaiolino.com,
282,1620,141,Deborah Kass,www.deborahkass.com,https://www.instagram.com/debkass/?hl=en
283,1625,1795,Cornelia Parker,,https://www.instagram.com/corneliaparkerartist/?hl=en
284,1642,707,Nathan Paddison,nathanpaddison.com,https://www.instagram.com/nathanpaddisonart/?hl=en
285,1650,475,Bernard Buffet,www.buffetexperts.com,
286,1654,886,Augustine Kofie,augustinekofie.info,
287,1655,207,Arman,www.armanstudio.com,
288,1656,1088,Peter Anton,www.peteranton.com,https://www.instagram.com/peter_anton_/?hl=en
289,1661,890,Jasper Johns,www.jasper-johns.org,https://www.instagram.com/jasper.johns/?hl=en
290,1663,532,Red Grooms,,
291,1669,643,Harland Miller,,https://www.instagram.com/harlandmillers/?hl=en
292,1671,54,John Van Alstine,johnvanalstine.com,
293,1672,2023,Cleve Gray,www.clevegray.com,
294,1678,1276,Paul Insect,www.paulinsect.com,https://www.instagram.com/paulinsect/?hl=en
295,1689,422,Yayoi Kusama,yayoi-kusama.jp,https://www.instagram.com/yayoikusama_/?hl=en
296,1691,547,Agent X,www.agentxart.com,
297,1704,1100,Manfred Pernice,,
298,1712,2044,Alberto Giacometti,www.fondation-giacometti.fr,https://www.instagram.com/albertogiacomettii/?hl=en
299,1720,865,Jannis Kounellis,,https://www.instagram.com/jannis__kounellis/?hl=en
300,1722,47,Thomas Ruff,,https://www.instagram.com/thomasruff_com/?hl=en
301,1731,733,Paul Rousso,paulrousso.com,https://www.instagram.com/paulrousso/?hl=en
302,1734,39,Terry O'Neill,,
303,1738,531,Ellsworth Kelly,ellsworthkelly.org,https://www.instagram.com/ellsworthkellystudio/?hl=en
304,1742,1332,Lawrence Schiller,lawrenceschiller.com,
305,1749,2285,Karl Lagasse,karllagasseart.com,https://www.instagram.com/karllagasse/?hl=en
306,1750,763,Miguel Berrocal,,
307,1756,376,Ian McKeever,www.ianmckeever.com,
308,1759,1918,Katrin Fridriks,katrin-fridriks.com,https://www.instagram.com/katrinfridriks/?hl=en
309,1763,1778,Raoul Dufy,,
310,1764,2075,Michael Eastman,www.eastmanimages.com,
311,1765,853,Christo and Jeanne-Claude,,https://www.instagram.com/christojeanneclaude/?hl=en
312,1773,1105,Matt Devine,www.mattdevineart.com,https://www.instagram.com/mattdevineart/?hl=en
313,1774,1377,Angel Otero,angelotero.com,
314,1788,2493,Francisca Sutil,www.franciscasutil.cl,
315,1790,2114,Harry Bertoia,harrybertoia.org,https://www.instagram.com/harrybertoia/?hl=en
316,1793,1065,DALeast,www.daleast.com,https://www.instagram.com/daleast/?hl=en
317,1799,747,Sandra Chevrier,www.sandrachevrier.com,https://www.instagram.com/sandrachevrier/?hl=en
318,1803,645,Ugo Rondinone,ugorondinone.com,https://www.instagram.com/ugorondinone0/?hl=en
319,1819,1245,Christian Jankowski,christianjankowski.com,
320,1827,165,Wolf Kahn,www.wolfkahn.com,https://www.instagram.com/wolfkahn/?hl=en
321,1840,1078,Kenneth Noland,www.kennethnoland.com,
322,1847,1973,Marcel Dzama,,https://www.instagram.com/marceldzama/?hl=en
323,1855,109,Mark Kostabi,mkostabi.com,https://www.instagram.com/mark_kostabi/?hl=en
324,1859,1415,Brian Calvin,,
325,1862,554,Tom Wesselmann,www.tomwesselmannestate.org,https://www.instagram.com/tom_wesselmann/?hl=en
326,1867,855,Hans Hartung,,https://www.instagram.com/hanshartungart/?hl=en
327,1872,480,Onemizer,www.onemizer.com,https://www.instagram.com/onemizer/?hl=en
328,1875,1937,Georg Baselitz,www.georgbaselitz.com,
329,1879,899,Helen Frankenthaler,www.frankenthalerfoundation.org,
330,1892,357,Robert Motherwell,,https://www.instagram.com/robertmotherwell/?hl=en
331,1898,282,Sam Francis,samfrancis.com,https://www.instagram.com/samfrancis_oc/?hl=en
332,1900,1976,Andy Goldsworthy,www.goldsworthy.cc.gla.ac.uk,
333,1901,530,Dale Chihuly,www.chihuly.com,
334,1921,2511,Jiha Moon,jihamoon.com,
335,1922,27,Leslie Sheryll,www.lesliesheryll.com,
336,1935,1067,Konrad Klapheck,,
337,1937,642,Willem de Kooning,www.willem-de-kooning.org,https://www.instagram.com/willemdekooningart/
338,1942,1376,Chris Levine,chrislevine.com,https://www.instagram.com/chrislevine/?hl=en
339,1952,862,James Siena,,
340,1962,1350,Georges Mathieu,georges-mathieu.fr,
341,1967,188,Paola Pivi,www.paolapivi.com,https://www.instagram.com/paolapivi/?hl=en
342,1969,1288,Wade Guyton,,https://www.instagram.com/wadeguytonoff/?hl=en
343,1972,2126,Doze Green,www.dozegreen.com,https://www.instagram.com/dozegreen/?hl=en
344,1974,1925,Helmut Newton,helmut-newton-foundation.org,
345,1986,2022,Hans Burkhardt,,
346,2003,504,Ann Gardner,www.anngardner.net,
347,2006,762,Ayako Rokkaku,,
348,2007,1907,Wes Lang,,
349,2008,1863,RoamCouch,roamcouch.com,https://www.instagram.com/roamcouch/?hl=en
350,2011,1261,Jordan Kerwick,www.jordykerwick.com,https://www.instagram.com/jordykerwick/?hl=en
351,2012,309,Brooke Noel Morgan,www.brookenoelmorgan.com,https://www.instagram.com/brookenoelmorgan/?hl=en
352,2020,1386,Hajime Sorayama,sorayama.jp,
353,2021,1765,Jonathan Borofsky,www.borofsky.com,
354,2028,1920,Tom Sachs,www.tomsachs.com,https://www.instagram.com/tomsachs/?hl=en
355,2032,1336,Vhils,vhils.com,https://www.instagram.com/vhils/?hl=en
356,2036,1945,Maurizio Cattelan,,https://www.instagram.com/mauriziocattelan/?hl=en
357,2039,900,Mark Tobey,,
358,2049,1369,Richard Artschwager,,
359,2053,2326,Shadi Ghadirian,shadighadirian.com,
360,2069,626,Julian Opie,www.julianopie.com,
361,2076,1073,Hebru Brantley,www.hebrubrantley.com,https://www.instagram.com/hebrubrantley/?hl=en
362,2081,1335,Nick Walker,theartofnickwalker.com,https://www.instagram.com/nickwalker_art/?hl=en
363,2097,1089,Takesada Matsutani,www.takesadamatsutani.com,
364,2100,850,Demarcus McGaughey,demarcusmcgaughey.com,https://www.instagram.com/demarcusmcg/?hl=en
365,2107,854,Nick Gentry,www.nickgentry.com,https://www.instagram.com/nickgentryart/?hl=en
366,2112,2049,Giorgio Morandi,,
367,2120,1742,Russell Young,russellyoung.com,
368,2121,1971,Jonathan Meese,,https://www.instagram.com/jonathan_meese/?hl=en
369,2123,2166,Alexander Liberman,,
370,2130,371,Paul Jenkins,www.pauljenkins.net,https://www.instagram.com/pauljenkins/
371,2135,1979,Mr.,,
372,2141,1926,Mark Ryden,www.markryden.com,https://www.instagram.com/markryden/?hl=en
373,2155,652,Purvis Young,www.purvisyoung.com,
374,2159,640,Gerhard Richter,www.gerhard-richter.com,https://www.instagram.com/gerhard.richter/?hl=en
375,2160,1103,Lee Bae,www.leebae.art,
376,2173,2053,Anton Henning,www.antonhenning.net,
377,2181,2104,Osvaldo Borsani,www.osvaldoborsani.com,
378,2184,1886,Rivane Neuenschwander,,https://www.instagram.com/rivaneneuenschwander/?hl=en
379,2185,247,Banksy,www.banksy.co.uk,https://www.instagram.com/banksy/?hl=en
380,2189,179,Sunday B. Morning,www.sundaybmorning.com,
381,2195,1076,Jacques Lipchitz,www.jacques-lipchitz.com,
382,2196,1362,Matteo Negri,,
383,2197,745,Norman Bluhm,www.normanbluhm.com,
384,2203,2048,Maria Helena Vieira da Silva,,
385,2204,1019,Jenny Holzer,www.jennyholzer.com,https://www.instagram.com/jenny.holzer.art/?hl=en
386,2208,363,Luigi Ghirri,,https://www.instagram.com/luigi_ghirri/?hl=en
387,2220,369,Kenny Scharf,kennyscharf.com,https://www.instagram.com/kennyscharf/?hl=en
388,2223,860,Saul Steinberg,saulsteinbergfoundation.org,
389,2227,1909,Levalet,www.levalet.xyz,
390,2230,272,Richard Anuszkiewicz,www.richardanuszkiewicz.com,
391,2240,245,Jose Ricardo Contreras Gonzalez,,
392,2242,902,Lucien Clergue,lucien-clergue.com,
393,2248,1929,Andreas Gursky,www.andreasgursky.com,
394,2257,1050,Philip Pearlstein,philippearlstein.com,
395,2264,535,Henri Matisse,www.henrimatisse.org,https://www.instagram.com/henri.matisse_/?hl=en
396,2268,2025,David Simpson,www.davidjsimpsonart.com,https://www.instagram.com/david_simpsonmma/?hl=en
397,2285,1360,Romero Britto,www.shopbritto.com,https://www.instagram.com/romerobritto/?hl=en
398,2309,82,Mr. Brainwash,www.mrbrainwash.com,https://www.instagram.com/mrbrainwash/?hl=en
399,2313,256,Nick Veasey,www.nickveasey.com,https://www.instagram.com/nickveaseyxray/?hl=en
400,2314,1916,Liu Bolin,liubolinstudio.com,https://www.instagram.com/liubolin/?hl=en
401,2315,1964,A.R. Penck,,
402,2317,2284,Angelo Accardi,www.angeloaccardi.com,https://www.instagram.com/angeloaccardiartist/?hl=en
403,2327,1763,Joel Shapiro,,https://www.instagram.com/joel_a_shapiro/?utm_source=ig_embed&hl=en
404,2330,1933,Bambi,streetartistbambi.com,
405,2344,1793,El Pez,el-pez.com,
406,2351,506,Virgil Abloh,virgilabloh.com,https://www.instagram.com/virgilabloh/?hl=en
407,2358,2122,Pino Pinelli,,
408,2369,2066,Jean Arp,,
409,2372,283,Dennis Oppenheim,www.dennisaoppenheim.org,
410,2373,1219,Adja Yunkers,,
411,2376,2179,Prefab77,www.prefab77.co.uk,https://www.instagram.com/prefab77/?hl=en
412,2378,2256,Leonardo Cremonini,,
413,2382,858,Friedel Dzubas,friedeldzubas.org,
414,2383,904,Max Ernst,www.max-ernst.com,
415,2392,1093,Hilo Chen,,
416,2395,533,Robert Natkin,www.robertnatkin.com,https://www.instagram.com/robertnatkin/
417,2402,2076,Roni Horn,,https://www.instagram.com/ronighorn/?hl=en
418,2420,1531,Richard Perry,richardperrysculpture.com,
419,2421,1024,Rufino Tamayo,,https://www.instagram.com/eneltamayo/?hl=en
420,2426,1310,Richard Hambleton,www.richardhambletonofficial.com,https://www.instagram.com/richardhambletonstudio/?hl=en
421,2434,19,Andy Warhol,www.warhol.org,
422,2440,1947,Raymond Pettibon,www.raypettibon.com,https://www.instagram.com/raymond_pettibon_/?hl=en
423,2470,1697,TIDE,www.tide-art.com,https://www.instagram.com/tidal/?hl=en
424,2471,1723,Jean-Michel Basquiat,www.basquiat.com,https://www.instagram.com/jean_michel_basquiat/?hl=en
425,2473,253,Tracey Emin,,
426,2491,2424,William Gropper,,
427,2494,2236,Shara Hughes,sharahughesart.blogspot.com,https://www.instagram.com/sharalynne/?hl=en
428,2495,1787,Sam Gilliam,,https://www.instagram.com/sam_gilliam/?hl=en
429,2499,1731,Barbara Kruger,www.barbarakruger.com,https://www.instagram.com/barbarakruger45/?hl=en
430,2516,1272,Ron English,,https://www.instagram.com/ronenglish/?hl=en
431,2521,1874,Pierre Jeanneret,www.jeanneret-chandigarh.com,https://www.instagram.com/pierre_jeanneret/?hl=en
432,2524,143,Terry Winters,www.terrywinters.org,
433,2537,298,Martina Nehrling,martinanehrling.com,https://www.instagram.com/martinanehrling/?hl=en
434,2540,5,David Yarrow,davidyarrow.photography,https://www.instagram.com/davidyarrow/?hl=en
435,2546,624,Ed Ruscha,edruscha.com,
436,2550,498,Matt Shlian,www.mattshlian.com,https://www.instagram.com/matthewshlian/?hl=en
437,2553,1737,Zhang Xiaogang,,
438,2564,2047,Ben Nicholson,,
439,2586,1527,Raphael Macek,raphaelmacek.com,https://www.instagram.com/raphaelmacek/?hl=en
440,2588,1300,Olafur Eliasson,olafureliasson.net,https://www.instagram.com/studioolafureliasson/?hl=en
441,2594,2296,Yuri Kuper,,
442,2601,1420,Jerkface,totaljerkface.com,
443,2602,1421,Pedro Friedeberg,friedebergarts.com,https://www.instagram.com/pedrofriedeberg/?hl=en
444,2607,970,Daniele Buetti,,
445,2609,2406,Antoine Poncet,,
446,2610,1146,Marina Adams,marinaadams.com,https://www.instagram.com/marinaadams/?hl=en
447,2611,1772,Katherine Bernhardt,,
448,2614,1312,Mary Cassatt,www.marycassatt.org,
449,2617,558,Patrick Wilson,patrickdwilson.com,https://www.instagram.com/patrickwilson/?hl=en
450,2619,2096,Auguste Rodin,rodinmuseum.org,
451,2631,2250,Greg Guillemin,www.greg-guillemin.com,https://www.instagram.com/gregguillemin/?hl=en
452,2638,857,Jean Dubuffet,,https://www.instagram.com/jean.dubuffet/?hl=en
453,2639,1222,Richard Bernstein,richardbernsteinart.com,https://www.instagram.com/richardbernsteinart/?hl=en
454,2640,1391,Henri Michaux,,
455,2648,1112,John Little,www.johnlittlecatering.com,https://www.instagram.com/liamjohnlittle/?hl=en
456,2650,2455,Zhoujie Zhang,www.zhangzhoujie.com,
457,2653,134,Carroll Dunham,,https://www.instagram.com/carrolldunham/?hl=en
458,2656,171,Robert Rauschenberg,www.rauschenbergfoundation.org,
459,2670,2120,Bortusk Leer,,https://www.instagram.com/bortuskleer/?hl=en
460,2672,1459,Lauren Mabry,laurenmabry.com,https://www.instagram.com/laurenmabry/?hl=en
461,2674,665,John Kacere,,
462,2677,2037,William T. Wiley,www.williamtwiley.com,
463,2678,2110,Diego Rivera,www.diegorivera.org,https://www.instagram.com/diegoriverajazz/
464,2681,2093,Sarah Lucas,www.sarahlucas.com,https://www.instagram.com/sarahlucasart/?hl=en
465,2682,1590,Byron Browne,,https://www.instagram.com/byron.browne/?hl=en
466,2691,895,Eduardo Chillida,www.museochillidaleku.com,
467,2698,1760,Charles Hinman,charleshinman.com,
468,2709,1114,Adriana Oliver,,https://www.instagram.com/adriianaoliver/
469,2716,1734,Brian Dettmer,briandettmer.com,
470,2725,1028,Bernar Venet,www.bernarvenet.com,
471,2730,1374,Giorgio de Chirico,,
472,2741,1356,Lee Ufan,www.studioleeufan.org,
473,2742,2240,Snik,snikarts.com,
474,2745,1020,Larry Clark,larryclarkpainter.com,
475,2749,848,Roby Dwi Antono,,
476,2751,1782,Kurar,kurar.fr,
477,2759,489,Koenraad Dedobbeleer,,
478,2765,1418,Budd Hopkins,,
479,2766,1393,Yinka Shonibare,yinkashonibare.com,
480,2786,1762,Lee Friedlander,,https://www.instagram.com/leemfriedlander/?hl=en
481,2788,2086,Jack Whitten,,
482,2794,1722,Futura,futura-artists.com,
483,2797,1035,Peter Beard,peterbeard.com,https://www.instagram.com/peterbeard/?hl=en
484,2806,2074,Sarah Morris,sarahmorris.com,https://www.instagram.com/sarahmorris/?hl=en
485,2810,224,Troika,troika.uk.com,
486,2811,358,Jim Dine,,
487,2821,684,Steven Alexander,www.stevenalexanderstudio.com,https://www.instagram.com/stevenxalexander/?hl=en
488,2823,120,Shepard Fairey,,
489,2825,1764,Larry Poons,larrypoons.com,
490,2833,1818,Jeanette Pasin Sloan,,https://www.instagram.com/jeanettepasinsloan/?hl=en
491,2840,1080,Liz Nielsen,www.liznielsen.com,https://www.instagram.com/liz_nielsen217/?hl=en
492,2842,1919,Pejac,www.pejac.es,
493,2845,55,Damien Hirst,,https://www.instagram.com/damienhirst/?hl=en
494,2849,549,Nicolas Party,,https://www.instagram.com/nicolasparty/?hl=en
495,2855,539,Jaume Plensa,jaumeplensa.com,
496,2857,474,Chris Ofili,,https://www.instagram.com/chrisofili/?hl=en
497,2858,2027,Douglas Gordon,www.gordondouglas.org,https://www.instagram.com/douglas_g_gordon/?hl=en
498,2862,646,Georges Braque,www.georgesbraque.org,
499,2864,2032,Ernst Haas,ernst-haas.com,
