id,artist_name
0,Tommy Francis Mitchell
1,Pier Paolo Calzolari
2,Roy Lichtenstein
3,Christian Boltanski
4,Damian Elwes
5,Paul Villinski
6,Henryk Stażewski
7,"Sanne De Wilde, "
8,Kasing Lung
9,Zhang Yirong 張藝蓉
10,Robert Philipp
11,Eberhard Havekost
12,Josep Guinovart
13,Macha Poynder
14,Ben Bauer
15,Yangyang Pan
16,Shinji Turner-Yamamoto
17,Rebecca George
18,Sophie Ryder
19,Nancy Eckels
20,Amy Kang
21,Ana Lupas
22,Alberto Burri
23,NYCHOS
24,Paulo Pasta
25,Audrey Kawasaki
26,Elad Lassry
27,Laurie Skantzos
28,Zhang Hongtu
29,Sali Muller
30,Armand Boua
31,Juan Raul Hoyos
32,Roy Schatt
33,Paul Strand
34,Chris RWK
35,Marlon Griffith
36,Eddie Martinez
37,Louis Masai
38,Richard Serra
39,RETNA
40,Joan Fontcuberta
41,Arthur Dorval
42,Taina Cruz
43,David LaChapelle
44,Alexandra Pacula
45,Paul Gauguin
46,Laurence Stephen Lowry
47,Stephane Gautier
48,Carl Auböck
49,Tony Oursler
50,Michael Heizer
51,Marcus Brutus
52,Liam Gillick
53,King Saladeen
54,Gerd Hiort Petersen
55,Dennis Osadebe
56,Rusudan Khizanishvili
57,Jacobo Castellano
58,Cleon Peterson
59,Lisette Model
60,Ken Matsuzaki
61,Pezhman
62,Paavo Tynell
63,Arne Jacobsen
64,Bjarne Melgaard
65,Renee Magnanti
66,Tamara de Lempicka
67,Eduardo Moreno
68,John McCaw
69,Grant Wood
70,Cristina Córdova
71,Jacoub Reyes
72,Claire Watson
73,DS
74,Gert & Uwe Tobias
75,Beatrix Potter
76,Fernando Adam
77,POSE
78,Lisa Levy
79,Túlio Pinto
80,Beth Carter
81,Ernst Ludwig Kirchner
82,Isaiah Zagar
83,Sergio Lopez
84,Juan Downey
85,Tommy Zen
86,Suly B. Wolff
87,John Singer Sargent
88,Adela Akers
89,Shaina McCoy
90,Jack Pierson
91,Arnaldo Pomodoro
92,Roland Fischer
93,Glithero
94,Thomas Glassford
95,Suh Yongsun
96,Makiko Kudo
97,Karl Schmidt-Rottluff
98,Yvonne Robert
99,Ethel Spears
100,MILLS EMPRESS Juke-Boxe
101,Jean Girel
102,Jung Eun Ha
103,House of Fabergé
104,Christina Schou Christensen
105,Tina Modotti
106,Elliott Erwitt
107,Lady Pink
108,Frédéric Deprun
109,Rebecca Marimutu
110,RO/LU
111,Erin Armstrong
112,Bob Dylan
113,George Condo
114,Simphiwe Ndzube
115,Stefanie Schneider
116,Aya Takano
117,Martin Schlotz
118,Jefferson Hayman
119,Ben Shahn
120,Martin Creed
121,Antonio da Ros
122,Magnus Gjoen
123,Peter Klasen
124,Spencer Mar Guilburt
125,Lukas Wegwerth
126,René Gagnon
127,Adam Lister
128,Jimi Gleason
129,Renate Bertlmann
130,Ben Estes
131,Fabio Coruzzi
132,Chris Rivers
133,Fred Stein
134,Laure Prouvost
135,ELLE
136,Danielle Orchard
137,Maddie Yuille
138,Julian Mayor
139,Jacob Gils
140,AMALIA BUERGO
141,Erik Parker
142,Pierre Fichet
143,Amauri Torezan
144,Kevin McGarry
145,Jesus Harada
146,Renato Livi
147,Timo Sarpaneva
148,Gerold Miller
149,Wilson Irvine
150,Michael Goldberg
151,George Tooker
152,Christopher Wool
153,Daggi Wallace
154,Anja Van Herle
155,Josef Albers
156,James Abbott McNeill Whistler
157,Robert Indiana
158,Lorser Feitelson
159,George Grosz
160,William Bailey
161,William Sellers
162,Carlo Scarpa
163,George Rickey
164,Marcel Rozek
165,Parra
166,Illuminati Neon
167,Lita Albuquerque
168,Franz Anton Mehlem
169,Paul Klee
170,Max Weber
171,Ian Francis
172,Ian Davenport
173,Anthony Caro
174,Philippe Hiquily
175,Helen Beard (b. 1971)
176,Juergen Teller
177,Adam Neate
178,Craig Alan
179,Carl Andre
180,Jo Di Bona
181,Afarin Sajedi
182,Annabelle McEwen
183,Elmgreen & Dragset
184,Pierre Paulin (1927-2009)
185,Art Shay
186,Ronald Davis
187,Taeesha Muhammad
188,Guy Yanai
189,Pascale Marthine Tayou
190,Stephen Ormandy
191,Mattia Bosco
192,Matt Smith (British)
193,Tom Molloy
194,César
195,Lee Wagstaff
196,Fred Tomaselli
197,Jacky Tsai
198,Robert Combas
199,jagaichiro
200,Paige Bradley
201,Andreas Feininger
202,nendo
203,Jacques-Henri Lartigue
204,Slim Aarons
205,Louis Comfort Tiffany
206,Eric Orr (1939-1998)
207,Neeltje de Vries
208,Blair Thurman
209,Chris Gwaltney
210,Nobuko Sugio
211,Aboudia
212,Steve Rosendale
213,Julio González
214,Wang MengSha 王濛莎
215,Tobia Rava
216,Efren Isaza
217,Carlos Santiago
218,Camilla d'Errico
219,Jana Schröder
220,Eric Haze
221,Pauline Palmer
222,Fang Lijun 方力钧
223,Anthony Akinbola
224,Ben Jones
225,Equipo Crónica
226,Genieve Figgis
227,Kandis Williams
228,Jonathan Michael Ray
229,Iñigo Navarro
230,Willard Boepple
231,Michel Delacroix
232,Milton Avery
233,Alan Saret
234,Hanne Darboven
235,Henri-Gabriel Ibels
236,Abe Ajay
237,LA II (Angel Ortiz)
238,Dario Fo
239,Ugo Nespolo
240,Francesco Arena
241,Marino Marini
242,Daniel Cummings
243,Leonardo Drew
244,Bernard Chaet
245,Christo
246,Rachel de Joode
247,Gerado Rosales
248,Carlos Cruz-Diez
249,Yuki Hamano
250,Digital Kassy Kaori
251,Yang Maoyuan
252,Albarrán Cabrera
253,Xiaoyi Chen
254,Bernard Berthois-Rigal
255,Kim Dorland
256,Sarah Svetlana
257,Elizabeth Murray
258,Rachel Whiteread
259,Joan Witek
260,Bernd and Hilla Becher
261,Adolph Gottlieb
262,Kimiko Yoshida
263,5537 Fernando Holguin Cereceres
264,Thomas Struth
265,Barry Lategan
266,Orrible
267,Judy Ledgerwood
268,Bradley Wood
269,Tony Marsh
270,Robert Nava
271,Gregory Block
272,Sophie DeFrancesca
273,Rashaad Newsome
274,Muzae Sesay
275,Dean West
276,Jacques-Emile Ruhlmann
277,Justine Rivas
278,Jess Wilson
279,Pez
280,Julie Cockburn
281,Tom Jean Webb
282,Yaacov Agam
283,Eri Ota
284,Bharti Kher
285,Sebastian Black
286,Sterling Ruby
287,H.C. Westermann
288,Carlos Vega
289,Michal Rovner
290,Betsy Enzensberger
291,Christopher Makos
292,Ossip Zadkine
293,William-Adolphe Bouguereau
294,The Connor Brothers
295,Ricky Swallow
296,Oli Epp
297,Daniel Lergon
298,Sheena Rose
299,Nam June Paik
300,Francine Tint
301,Chakaia Booker
302,George Barris
303,Oliver Clegg
304,Daniele Fortuna
305,Honoré Sharrer
306,Faith Ringgold
307,Eduardo Sarabia
308,Juan Uslé
309,Cas Friese
310,Simon Norfolk
311,Eugène Atget
312,Cheryl Molnar
313,Alessandro Mendini
314,Enrico Baj
315,Claes Oldenburg
316,Agnieszka Staak
317,Leonor Fini
318,Bridget Riley
319,Tom Seghi
320,Claire Milbrath
321,Yoshitomo Nara
322,Yves Hayat
323,Carole Eisner
324,Hans-Christian Schink
325,Tsai Hsia Ling
326,Kirsty Stanton
327,Bob Stuth-Wade
328,Greta Van Campen
329,Sabine Marcelis
330,Nastaran Mir Sadegh
331,Casey Gray
332,Viktor Frešo
333,Robert Barry
334,Gregory Nangle
335,Joanne Greenbaum
336,Yann l'Outsider
337,Richard Misrach
338,Benjamin Rollins Caldwell
339,Mambo
340,Herbert Brandl
341,Max Lamb
342,Steven Harrington
343,Valeria Rocchiccioli
344,Mary Bauermeister
345,Bradley Hart
346,John Chamberlain
347,Angelo Lelii
348,Kayoko Mizumoto
349,Miles Aldridge
350,Sandro Chia
351,Pucci de Rossi
352,Alec Soth
353,Pablo Picasso
354,Regina Scully
355,Death NYC
356,Johan Creten
357,Alvar Aalto
358,Angelina Nasso
359,Javier León Pérez
360,Vivian Liddell
361,Tanya Merrill
362,Geneviève Claisse
363,Joel-Peter Witkin
364,Achille Salvagni
365,Charlie Bluett
366,Jonas Fisch
367,Olivier Mosset
368,Gertrude Käsebier
369,Sabrina Shah
370,Jono Dry
371,Tomoo Gokita
372,Adolf Loos
373,Hunt Slonem
374,Emily Farish
375,Justin Yoon
376,Anja Wülfing
377,Kate Salenfriend
378,Ettore Sottsass
379,Mar Solís
380,Susan Vodonick
381,Frantisek Drtikol
382,Kapwani Kiwanga
383,Francois Corbeau
384,Friedrich Gräsel
385,Bruno V. Roels
386,Joan Hernández Pijuan
387,Deborah Butterfield
388,Amrta
389,Add Fuel
390,Agostino Bonalumi
391,Koh San Keum
392,Francesca Woodman
393,Frederik Nystrup Larsen
394,Florence Putterman
395,Anselm Reyle
396,Leo Sewell
397,Jürgen Drescher
398,Oshiyama Motoko
399,Angela A'Court
400,Leonardo Nierman
401,Line Vautrin
402,Abdulnasser Gharem
403,Vicente Hemphill
404,Carlo Mollino
405,John Marin (1870-1953)
406,DAUM Nancy
407,JJ Manford
408,Buff Monster
409,Ian Alistair Cochran
410,Chris DAZE Ellis
411,EL MAC
412,Pol Bury
413,Gordon Parks
414,Takayuki Sakiyama  崎山隆之
415,Tomas Watson
416,Anne Speier
417,Ezra Stoller
418,José Parlá
419,Alexander Ikhide
420,Pablo Palazuelo
421,Chen Chen and Kai Williams
422,Oeuffice
423,Martin Parr
424,Hara Satoshi
425,Mel Bochner
426,Francesco Messina (1900-1995)
427,Peter Dayton
428,Daniel Arsham
429,Wolf Vostell
430,Steven Spazuk
431,Luc Dondeyne
432,Mahsa Alikhani
433,LAb[au]
434,Rebecca Fontaine Wolf
435,Paul Anthony Smith
436,Cindy Sherman
437,Hreinn Fridfinnsson
438,James Zamora
439,"Shepard Fairey, "
440,Barbara Bryn Klare
441,General Idea
442,Kevin Sabo
443,Marcus Kenney
444,Kattamanchi Ramesh Babu
445,Andrew Salgado
446,Juwelia
447,Tamara Dean
448,Unknown Artist
449,Els Van Egeraat
450,Corneille
451,Nina Chanel Abney
452,Ann Shogren
453,Mia Westerlund Roosen
454,Amedeo Modigliani
455,Domingo Zapata
456,Sooo-z Mastopietro
457,Alissa Volchkova
458,Kehinde Wiley
459,B.D. Graft
460,Hiro Ando
461,James Jean
462,Julio Le Parc
463,Ade Adesina
464,Abraham Walkowitz
465,Nancy Maybin Ferguson
466,CHANOIR (Alberto Vejarano)
467,Felipe Orlando
468,Alexander Sheversky
469,Monica Fernandez
470,David Ellsworth
471,Alfred Eisenstaedt
472,Edison Çeraj
473,David Drebin
474,Eva Schlegel
475,Bernard Heesen
476,Oscar Niemeyer
477,Gustave Wiegand
478,Hunter & Gatti
479,Frances Goodman
480,Joe Segal
481,Eko Nugroho
482,Matias Faldbakken
483,Ibsen Espada
484,Antoni Clavé
485,Justin Ebanda
486,Markus Lüpertz
487,Alfredo Jaar
488,Julie-Ann Simpson
489,Norberto Estrin
490,George Tice
491,Mesecolja
492,Antonio López García
493,Fanakapan
494,Lauren Baker
495,Nadia Fediv
496,Madeleine Gross
497,Sandeep Manchekar
498,David Quinn
499,Jean-Marc Hunt
500,Takefumi Hori
501,Emil Schumacher
502,Mia Bergeron
503,Michelle Grabner
504,Miss Van
505,Jeremy Thomas
506,Olga Esther
507,Pavlína Kvita
508,Li Hongbo 李洪波
509,Joan Miró
510,Edward Burra
511,Tenesh Webber
512,Russell Maltz
513,Yoon Hyup
514,Emil Alzamora
515,Leonora Carrington
516,Jean Prouvé
517,Juan Carlos Collada
518,Samara Scott
519,Hideki Hashimoto (橋本 秀樹)
520,Anne Silke Hjorth
521,Antoni Miralda
522,Howard Hodgkin
523,Hannah Wilke
524,Emile Gallé
525,Jochen Holz
526,Graciela Iturbide
527,Brad Miller
528,Jisbar
529,Yasuo Kiyonaga
530,Katarina Janeckova
531,Michael E. Smith
532,Zest
533,Heidi Kippenberg
534,Harold Joe Waldrum
535,Philippe Decrauzat
536,Brian Usher
537,Lloyd Raymond Ney
538,Lily Hargreaves
539,Nicole Durand
540,wancha
541,Rocío Rodriguez
542,Doug Cocker
543,Stephanie McGovern
544,Wendell Castle
545,Wawapod
546,Soraya French
547,Bruno Donzelli
548,François Rouan
549,Lin Ke 林科
550,Scott Albrecht
551,Ansel Adams
552,John Baldessari
553,Gilbert and George
554,Larry Bell
555,Lori Cozen-Geller
556,Ali Banisadr
557,Sorin Park
558,Giuliana Cunéaz
559,Allen Jones
560,Sol LeWitt
561,Mona Hatoum
562,Mari Kuroda
563,Mr Doodle
564,Karin Bruckner
565,Amy Sillman
566,Jimmie Durham
567,John Copeland
568,Mika Rottenberg
569,Amy Jackson (b. 1986)
570,Yigal Ozeri
571,Ross Bleckner
572,Remen Chopra W. Van der Vaart
573,Nicole Eisenman
574,Alfredo Quiroz
575,Rodney Graham
576,Maya Ramsay
577,Félix Gerardi
578,Alberto Magnelli
579,Jim Torok
580,Jeremy Deller
581,Nicole Wermers
582,Mighty Jaxx
583,Clarence James
584,Zeng Fanzhi 曾梵志
585,Andreas Schelfhout
586,Tomokazu Matsuyama
587,Ralf Kokke
588,Ivan Argote
589,Heather Lynn
590,Jonathan Huxley
591,Gisele Freund
592,Victor Brauner
593,Kukula
594,Ben Frost
595,Paul Wright
596,Lyès-Olivier Sidhoum
597,Sophie Pérard
598,Ly
599,Yudai Nishi
600,Daido Moriyama
601,Giorgio Griffa
602,Georges Dumas
603,Reiner Seliger
604,Erika Wastrom
605,Kim MacConnel
606,Gio Ponti
607,Roger Hiorns
608,"David Shrigley, "
609,Moe Brooker
610,Peter Miller
611,Ai Weiwei
612,Lídia Masllorens
613,Otis Kwame Kye Quaicoe
614,Jon Pacini
615,Menashe Kadishman
616,Lina Bo Bardi
617,Stan Bevan
618,Arthur Leipzig
619,Mircea Cantor
620,Alphonse Mucha
621,Fletcher Benton
622,Nan Goldin
623,Marisol
624,Gary James McQueen
625,Carlos Aires
626,Alison McMahon
627,"Lotta, "
628,Ben Vautier
629,Dion Salvador Lloyd
630,Filippo Minelli
631,Sébastien Gaudette
632,Kevin Osepa
633,Edward Weston
634,Vasco Araújo
635,Roberto Matta
636,Vasile Stefanoiu
637,Ico Parisi
638,Seny
639,Wolfgang Tillmans
640,Albert Montserrat
641,"Michael, Sage Muller, Vaughn"
642,Bob Stocksdale
643,David Shapiro (1944-2014)
644,Thina Dube
645,Heather Patterson
646,Haylie Jimenez
647,Kat Flyn
648,Claude Monet
649,Henrik Eiben
650,Vija Celmins
651,Mila Bridger
652,Pat Perry
653,Mohamed Benhadj
654,Stuart Haygarth
655,Ed Moses
656,Jessica Lichtenstein
657,Yuli Yamagata
658,Horace Bristol
659,Valentina Canseco
660,Jim Shaw
661,Gustav Klimt
662,Ruby Anemic
663,BENI ALTMUELLER
664,Tunji Adeniyi-Jones
665,Brittany Fanning
666,Neo Matloga
667,Philip and Kelvin LaVerne
668,Emanoel Araujo
669,C215
670,Jean-Luc Maniouloux
671,Marc Chagall
672,Koak
673,Edgar Ward
674,Grace Metzler
675,Chitra Ganesh
676,Noriko Ambe
677,Caleb Hahne Quintana
678,Amit Kanfi
679,Per Kirkeby
680,Alexander Tovborg
681,Henri Hayden
682,Tomaso Buzzi
683,Richard Colman
684,Alanis Forde
685,Alfred Leslie
686,Cameron Platter
687,Teppei Kaneuji
688,Pure Evil
689,Francesco Nonni
690,Magnus Plessen
691,Josef Hoffmann
692,Kiki Smith
693,Roy De Forest
694,Martin Whatson
695,OG Slick
696,Jessica Snow
697,Lucinda Luvaas
698,Olivier Vassout
699,Greet Helsen
700,Takashi Murakami
701,Javier Calleja
702,Stephan Balkenhol
703,William Morris (b. 1957)
704,Malena Mazza
705,Al Held
706,Lauren Marsolier
707,Federica Aiello Pini
708,Brianne Garcia
709,Craig Drennen
710,Ercole Barovier
711,Reginald Marsh
712,Laura Letinsky
713,Seth
714,Josh Sperling
715,Noell
716,Elizabeth Peyton
717,K. Daphnae Koop
718,Stuart Sandford
719,Joe Zucker
720,Szabolcs Bozó
721,Käthe Kollwitz
722,Gully
723,Silvia Schürgers
724,Patricia Voglreiter
725,Hans Munck Andersen
726,Fritz Scholder
727,Peter Max
728,Maru Quiñonero
729,Jules de Balincourt
730,Hiba Schahbaz
731,On Hansen
732,Giorgio Cavallon
733,Garry Fabian Miller
734,Allison Harrell
735,Erté
736,Genevieve Gaignard
737,Shar Coulson
738,Elizabeth Waggett
739,Walter Robinson
740,Alexander Calder
741,Ferne Jacobs
742,Erik Jones
743,Paul Wackers
744,Clayton Brothers
745,Marie Cloquet
746,Zayn Qahtani
747,Franz West
748,Hank Willis Thomas
749,Gustavo Velez
750,Keith Jacobshagen
751,Josiah C Josiah
752,Gavin Turk
753,Modest Cuixart
754,Claudia Fontes
755,The Beatles
756,Mark Maggiori
757,Sarah McRae Morton
758,Hayal Pozanti
759,Maurizio Galimberti
760,Marcel Mariën
761,FX Harsono
762,Carlo Hauner
763,Farzad Kohan
764,Soufiane Ababri
765,Maree Cheatham
766,Donald Baechler
767,Mathieu Mercier
768,NEBAY
769,Fulvio Bianconi
770,Max Ackermann
771,Gonzalo Fuenmayor
772,Alfred Kubin
773,Lena Wolff
774,Paco Raphael
775,The London Police
776,Hikari Shimoda
777,Dina Brodsky
778,Jérôme allavena
779,Jagdish Swaminathan
780,David Moreno (b.1978)
781,Markus Prachensky
782,Maxwell Boadi
783,Conny Goelz Schmitt
784,Ai Kijima
785,Shafei Xia
786,Rose Eken
787,Nell Blaine
788,SoiL Thornton
789,Fei Disbrow
790,Shingo Francis
791,Yousuf Karsh
792,Wifredo Lam
793,Nawar Shartouh
794,Mika Ninagawa
795,Fin DAC
796,José Luis Feliciano
797,Matt Hufford
798,Paul Kostabi
799,Tokuda Yasokichi IV
800,Françoise Leblanc
801,Andrew ZEPHYR Witten
802,Winfred Gaul
803,Emilio Villalba
804,RISK
805,Edgar Plans
806,Edward Burtynsky
807,Indira Urrutia
808,Kenichi Yokono
809,Hubert Le Gall
810,Copyright
811,Victor Valera
812,Peter Hujar
813,Linda Touby
814,Paul Booth
815,Rodney Smith
816,Omar Rodriguez-Graham
817,Andrea Dezsö
818,Camille Pissarro
819,Niura Bellavinha
820,Kurt Schwitters
821,Woodrow Nash
822,Toots Zynsky
823,Rowan Mersh
824,Tony Cragg
825,Matthew F. Fisher
826,Loris Cecchini
827,Wang Tiande 王天德
828,Glynis Lamond
829,Stefano Caimi
830,Art by Lingg
831,Adam Holmes Davies
832,David Mach
833,Lucian Freud
834,Louise Nevelson
835,Philipp Weber (b. 1987)
836,Michelangelo Pistoletto
837,Marina Abramović
838,Mario Ceroli
839,Juno Calypso
840,Dimitris Ntokos
841,Mira Lehr
842,Nobuyoshi Araki
843,Pamela Pindell
844,Vasa
845,Richard Mosse
846,Nick Smith
847,Urs Lüthi
848,Stuart Shils
849,Glen Baxter
850,Cheryl Calleri
851,Antonio Sergio Moreira
852,Curtis Talwst Santiago
853,Wim Zorn
854,Young-Jun Tak
855,Dorothea Rockburne
856,Joseph Kosuth
857,Lori Field
858,Anne Mette Hjortshøj
859,Mark Beard
860,Peter Lik
861,Troy Brauntuch
862,Loetz
863,Anthon Hoornweg
864,Takeru Amano
865,Brian Kreydatus
866,William Klein
867,Greg Miller
868,Alicia McCarthy
869,Jeanne Heifetz
870,Tomoko Nagai
871,Pablo Atchugarry
872,Cruz Ortiz
873,Stan Brodsky
874,Joe Tilson
875,Günther Uecker
876,Erol Eskici
877,Celeste Iida
878,Peter Blake
879,Julie Peppito
880,Giuseppe Spagnulo
881,Adrian Kay Wong
882,Serge Mouille
883,Adam Pendleton
884,Imaizumi Imaemon XIV
885,David Shrigley
886,John Garrett Slaby
887,Herakut
888,MR Architecture + Decor
889,Carol Sils
890,Curtis Ripley
891,Klára Horáčková
892,Ed Paschke
893,Madeline Donahue
894,Matteo Massagrande
895,Patrick Weder
896,Aches
897,André Butzer
898,Liz Barber
899,Francis Newton Souza
900,Gudrun Mertes-Frady
901,Papa Boubacar
902,Jun Ahn
903,Devesh Upadhyay
904,Michael Reeder
905,Karl Buehr
906,Souther Salazar
907,William Scott (1913-1989)
908,Ewa Juszkiewicz
909,Maja Djordjevic
910,Henry Moore
911,Choun Hwan Lee
912,Thomas Müller
913,Edward Middleton Manigault
914,Jack Roth
915,Tony Tasset
916,Aldo Chaparro
917,Misaki Kawai
918,Mitzura Salgian
919,Susan Derges
920,Evol
921,Graffmatt
922,Jan Henderikse
923,Katharina Fritsch
924,Tom A. Nicholas
925,Sonia Delaunay
926,Paul Allen Reed
927,Yevgeniya Baras
928,Jordan McDonald
929,Fiona Rae
930,Tim Hawkinson
931,Maria Passarotti
932,Margaret Morrison
933,Jason Salavon
934,Jason Martin
935,Sidney Nolan
936,Rudolf Stingel
937,Iván Navarro
938,SAYPE
939,Blake Jones
940,Capucine Safir
941,Revok
942,Karo Kuchar
943,Max Burchartz
944,Florence Knoll
945,Richard Hutten
946,CB Hoyo
947,Janne Kyttanen
948,Leo & Steph
949,Francisco Toledo
950,Paolo Cavinato
951,ICY and SOT
952,The Boring Company
953,Gustavo Pérez
954,Osumi Yukie
955,Robert Funk
956,Stéphane Couturier
957,Lajos Kassák
958,Ky Anderson
959,David Collins
960,Rebecca Swainston
961,Edward S. Curtis
962,Marco Casentini
963,Rackstraw Downes
964,Ben Allen
965,Andra Samelson
966,Elena Bulatova
967,Jorinde Voigt
968,Magali Reus
969,Giuseppe Uncini
970,Nick Runge
971,Alexandra Nechita
972,Tim Vermeulen
973,Axel Einar Hjorth
974,Liz Markus
975,Massimo Vitali
976,Zhang Huan
977,Eirik Audunson
978,Sofia Pashaei
979,Herbert Bayer
980,PichiAvo
981,Peter Monkman
982,Robert Mapplethorpe
983,Jessie Willcox Smith
984,Swiz
985,Emil Nolde
986,MightyJaxx
987,Robert Mars
988,Solomon Ethe
989,"Sandra Chevrier, "
990,Peter Evan Costas
991,Alma Berrow
992,Miaz Brothers
993,Bill Brandt
994,Timothy Cummings
995,Ruth Root
996,Jozephine Wortelboer
997,Aaron Parazette
998,Kelsey Brookes
999,Nancy Holt
1000,Andrea Gallo
1001,Peter Foesters
1002,Mizuki Nishiyama
1003,SEEN
1004,Piero Fornasetti
1005,Katerina Belkina
1006,John Bulmer
1007,Jorge Macchi
1008,Paul Wonner
1009,Otsuki Masako
1010,Stephen Wilson
1011,Nene
1012,Beverly Fishman
1013,Didier Lourenço
1014,Ben Eine
1015,Laurence Jenkell
1016,Rex Ashlock
1017,Fernando Andrade
1018,George Segal
1019,Jon Burgerman
1020,Tawny Chatmon
1021,Shan Hur
1022,Nathan Sawaya
1023,Ferris Plock
1024,Egle Norkute
1025,Gail Folwell
1026,Carlos Merida
1027,Carl Holty
1028,David Salle
1029,Dan Ji
1030,Jean Tinguely
1031,AJ Fosik
1032,Maurizio Vinanti
1033,Jean Cocteau
1034,Alain Clément
1035,Yoshinori Mizutani
1036,Harmony Korine
1037,Alex Prager
1038,Emmanuel Daniel
1039,Sam Jackson
1040,Emily Filler
1041,Max Papart
1042,Conor Harrington
1043,Alan Davie
1044,Michael Alford
1045,Gianna Commito
1046,Marek Boguszak
1047,Kouhei Fukushima
1048,Eric Schmitt
1049,Jennifer Marman and Daniel Borins
1050,Super A
1051,Teodora Axente
1052,Various Artists
1053,Jonas Wood
1054,DAIN
1055,Guðmundur Thoroddsen
1056,Stephen Hannock
1057,Balint Zsako
1058,Erol Scott Harris
1059,Thomas Lanigan-Schmidt
1060,Louise Bourgeois
1061,Tayhe Munsamy
1062,Camille Graeser
1063,David Driskell
1064,Apichatpong Weerasethakul
1065,Rinko Kawauchi
1066,Gabriel Coca
1067,Pierre Alechinsky
1068,John Stezaker
1069,Elisa Lendvay
1070,Ralph Gibson
1071,CHIAOZZA
1072,Richard Phillips
1073,Alec Monopoly
1074,Yves Klein
1075,Alicia Piller
1076,Canal Cheong-Jagerroos
1077,Trae Brooks
1078,Mark Drew
1079,Anselm Kiefer
1080,Hartmut Böhm
1081,Gillian Ayres
1082,Bryn Parry
1083,Troy Smith
1084,Etienne Gros
1085,Dario Robleto
1086,Jake Chapman
1087,Samuel Cueto
1088,Dan Christensen
1089,Benni Pink
1090,Pablo Reinoso
1091,Lavely Miller
1092,Handiedan
1093,Melanie Sherman
1094,Cigdem Aky
1095,Gunnar Norrman
1096,Frances Trombly
1097,Pierre Guariche
1098,Aukse Miliukaite
1099,Letha Wilson
1100,Fernando Costa (AKA COSTA)
1101,En Iwamura
1102,Jim Houser
1103,Tapio Wirkkala
1104,Ken Mihara
1105,Guadalupe Laiz
1106,Ma Desheng 马德升
1107,Lien Truong
1108,Rashid Johnson
1109,Jenny Gustavsson
1110,Hiro Yokose
1111,Leon Grossmann
1112,Emil Bisttram
1113,Blek le Rat
1114,Richard Caldicott
1115,Karl Springer
1116,Elijah Temple Mitema
1117,Robertas Narkus
1118,Gene Davis
1119,Iqi Qoror
1120,Alex Pardee
1121,Henri Chopin
1122,Mark Dion
1123,Stanley Whitney
1124,Marcel Breuer
1125,Andrea Tyrimos
1126,Elmer Batters
1127,Kristina Grace
1128,Ed van der Elsken
1129,Verner Panton
1130,Fritz Bultman
1131,Erik Lindman
1132,August Macke
1133,Zuzka Vaclavik
1134,William Kelley
1135,Dorian Balsegur
1136,Richard Avedon
1137,Plastic Jesus
1138,Jeff Koons
1139,Ryan Travis Christian
1140,Ana Luiza Rodrigues
1141,Eric Roinestad
1142,Huy Bui
1143,Elizabeth Langford
1144,Seonna Hong
1145,UWE PFAFF
1146,Lucia Hierro
1147,Pedro Cabrita Reis
1148,Hiroyuki Hamada
1149,Horst P. Horst
1150,Charles M. Schulz
1151,George Nakashima
1152,Francis Bacon
1153,Valerio Adami
1154,Gerhard Marcks
1155,Bice Lazzari
1156,Prudencio Irazabal
1157,T P Hardisty
1158,Silvia Knüppel
1159,Don Reitz
1160,Jin-Sook So
1161,Gary Hill
1162,Raúl Anguiano
1163,Michele Oberdieck
1164,Judith Schaechter
1165,Rina Banerjee
1166,Danh Vō
1167,Hannah Höch
1168,Kelli Ryan
1169,Stanley Black
1170,Bex Wilkinson
1171,Jason Freeny
1172,Jeremy Moon
1173,Lucien Smith
1174,Ekaterina Popova
1175,Albert Irvin
1176,Koen Delaere
1177,KAWS
1178,Ghada Amer
1179,Chiara Dynys
1180,Alejandro Avakian
1181,Sam Durant
1182,Rebecca Morgan
1183,Paul Resika
1184,Derrick Adams
1185,Becky Rosa
1186,Tania Candiani
1187,Claire Tabouret
1188,Jacques Adnet
1189,Alya Tannous
1190,Tiye Lucas
1191,Wasted Rita
1192,Terence Koh
1193,Fausto Melotti
1194,Franco Rognoni
1195,Mary Bourne RSA
1196,Freda People Art
1197,Federico Herrero
1198,Linder
1199,Seth Clark
1200,Frances Waite
1201,Julio Martinez Barnetche
1202,Shōji Hamada
1203,Joost van Bleiswijk
1204,Vera Mercer
1205,Ragnar Kjartansson
1206,Günther Förg
1207,Dan Lam
1208,herman de vries
1209,Jennifer Verge
1210,Suanjaya Kencut
1211,Charles Biederman
1212,Gabriel Tarmassi
1213,Bernard Piffaretti
1214,Gigi Mills
1215,Yves Tanguy
1216,Gershon Benjamin
1217,Judy Kensley McKie
1218,Kwangho Lee (b. 1981)
1219,Benny Andrews
1220,"Martin Whatson, "
1221,Heather Hutchison
1222,Alessandro Piangiamore
1223,Chris Johanson
1224,Jeremy Mann
1225,Keris Salmon
1226,Enrique Machado
1227,Luigi Caccia Dominioni
1228,Joseph Meierhans
1229,Gino Sarfatti
1230,Charlotte Perriand
1231,Nathan Peter
1232,Guido Sengle
1233,Milo Baughman
1234,Mimmo Rotella
1235,James Bassler
1236,Lauren Seiden
1237,Dan Colen
1238,Humberto and Fernando Campana
1239,Carolina Wilcke
1240,Johannes Nagel
1241,Daniel Verbis
1242,Joan Mitchell
1243,Swoon
1244,Man Ray
1245,Scott Khan
1246,Georges Antoine Rochegrosse
1247,Lucy Sparrow
1248,Wayne Thiebaud
1249,Ras Terms
1250,Todd Hoyer
1251,Eelus
1252,Tamara Roman
1253,Hagino Noriko
1254,Yvette Kaiser-Smith
1255,Andy Dixon
1256,Gotthard Graubner
1257,Mirco Marchelli
1258,Harry Morgan
1259,Tinatin Kilaberidze
1260,Marwan (Marwan Kassab-Bachi)
1261,Mogens Koch
1262,John Coplans
1263,Myron Lechay
1264,Paul Caranicas
1265,Mau Mau
1266,Shozo Shimamoto
1267,Nick Knight
1268,Xavi Carbonell
1269,Natalie Amrossi
1270,Matt Mullican
1271,Luis Feito
1272,Juce Gace
1273,Ndidi Emefiele
1274,Barbara Moura
1275,Jay Rosenblum
1276,Peter Zimmermann
1277,Howard Finster
1278,Jean-Servais Somian
1279,Gisèle Buthod-Garçon
1280,Michel Tyszblat
1281,Matt Saunders
1282,Brendan Tang
1283,Niki de Saint Phalle
1284,Tori Tasch
1285,Danielle Frankenthal
1286,Eric Fischl
1287,Piero Gilardi
1288,James McQueen
1289,Vipoo Srivilasa
1290,Beddru
1291,Pimax
1292,Dave White
1293,Karen Knorr
1294,Peter Halley
1295,Paul Kos
1296,Gustavo Costa Fernandes
1297,Ian Ferguson (Hydeon)
1298,Calman Shemi
1299,Richard Bellia
1300,Claudia Comte
1301,Patrick Bongoy
1302,Alex Katz
1303,Seunghwui Koo
1304,Nigel Cox
1305,Donald Sultan
1306,James Knowles
1307,Vincent Darré
1308,Frank Auerbach
1309,J. Margulis
1310,Vladimir Kozhuhar
1311,Robert Kelly
1312,Daniel Brice
1313,Tamar Zinn
1314,Alberto Sanchez
1315,Ernesto Neto
1316,Simon Roberts
1317,Yeonjin Oh
1318,René Burri
1319,Joseph McDonnell
1320,NASTY
1321,Robert Farber
1322,Marc Quinn
1323,Tracey Adams
1324,Joseph Beuys
1325,Indrikis Gelzis
1326,Mark Rothko
1327,Simon Thompson
1328,Carl-Harry Stålhane
1329,Arthur Luiz Piza
1330,Richard Hamilton
1331,Matt Phillips
1332,Jean-Michel Alberola
1333,Alexander Timofeev
1334,Maryann Lucas
1335,Etsuko Ichikawa
1336,André Saraiva
1337,Jeff Kellar
1338,Ciane Xavier
1339,Florian Eymann
1340,Ned Evans
1341,Gregory Crewdson
1342,Brice Marden
1343,Beatriz Milhazes
1344,Kristin Sjaarda
1345,Juan Roberto Diago
1346,Stephanie Pryor
1347,Mimmo Paladino
1348,Marco Eusepi
1349,Adam Straus
1350,Jorge Yazpik
1351,Greg Beebe
1352,Carlos Amorales
1353,Carolyn Monastra
1354,Alberta Geyer
1355,David Fokos
1356,America Martin
1357,Matteo Pugliese
1358,Hermann Nitsch
1359,Invader
1360,Yves Scherer
1361,Matthew Craven
1362,Peter Doig
1363,HUSH
1364,Karel Appel
1365,Judy Glantzman
1366,Arturo Herrera
1367,David Ostrowski
1368,Erró
1369,Grayson Perry
1370,Astrid Dahl
1371,Ray Meeker
1372,Nicholas Wilton
1373,Royal Tichelaar Makkum
1374,Niamh Barry
1375,Jane Rosen
1376,Otto Piene
1377,LeRoy Neiman
1378,Miraku Kamei XV
1379,Tristan Eaton
1380,David Bruce
1381,EINE X FLYNN (Ben Eine X Lucie Flynn)
1382,Mikhailo Deyak
1383,Luis González Palma
1384,Aaron Bohrod
1385,Belinda Frikh
1386,Pamela Joseph
1387,Paul Caponigro
1388,Nicholas Nixon
1389,Bernard Aubertin
1390,Keiji Shinohara
1391,Marc Newson
1392,Giovanni Garcia-Fenech
1393,Maja Ruznic
1394,Anico Mostert
1395,Antoine Rose
1396,Rex Ray
1397,Jennifer Losch Bartlett
1398,Mel Ramos
1399,Adrián Fernández
1400,Heimo Zobernig
1401,Oskar Kokoschka
1402,FreelingWaters
1403,Yves Lappert
1404,Jene Highstein
1405,Jonathan Lasker
1406,Michal Fargo
1407,Giles Bettison
1408,Dran
1409,Cao Xiaoyang
1410,Isabel Romero
1411,Khanjan Dalal
1412,Richard Tuttle
1413,Jeff Koons X Bernardaud
1414,Marlon Forrester
1415,Kevin Cole
1416,Helen Pashgian
1417,Jamie Reid
1418,Simon Benjamin
1419,Charles Buckley
1420,FRINGE
1421,Klea McKenna
1422,Karl Striker
1423,David Buckingham
1424,Alois Kronschlaeger
1425,"Atelier Wolf's Tail, mineko (アトリエおおかみのしっぽ mineko)"
1426,Olaf Breuning
1427,Marisa Adesman
1428,Candida Höfer
1429,Job Koelewijn
1430,Robert Therrien
1431,Marcelo Bonevardi
1432,Henri Edmond Cross
1433,Sheila Giolitti
1434,Superstudio
1435,Karl Lagerfeld
1436,Julia Fullerton-Batten
1437,Rick Garland
1438,FENX
1439,Nancy Moore Bess
1440,Andy Rementer
1441,Keith Haring
1442,Kevin Box
1443,Emily Payne
1444,Ethan Cook
1445,Marcel Wanders
1446,Larry Rivers
1447,Pierre-Auguste Renoir
1448,Walterio Iraheta
1449,Raphael Adjetey Adjei Mayne
1450,DA Collages
1451,Jennifer McCurdy
1452,Tom Fabia
1453,Robert Standish
1454,Antony Gormley
1455,György Kepes
1456,Efraim Mashiah
1457,Michael Taylor (b. 1952)
1458,Ito Sekisui V
1459,Catherine Diouf
1460,Laurie Simmons
1461,Thrush Holmes
1462,"Ade Adesina, "
1463,James Nares
1464,Shiva Ahmadi
1465,Larissa De Jesús Negrón
1466,Norman Ackroyd
1467,Ray Phillips
1468,Ohi Chozaemon X
1469,Steven Young Lee
1470,Henri Cartier-Bresson
1471,David Hockney
1472,Ruan Hoffmann
1473,Paul Chizik
1474,Lasse Bruun
1475,Idris Habib
1476,"Joan Cornellà, "
1477,Andrew Frank
1478,Chema Madoz
1479,Chu Teh-Chun
1480,Natalia LL
1481,Michael Kenna
1482,John Frederick Kensett
1483,Francine Van Hove
1484,André Masson
1485,Endre Kecső
1486,Defer
1487,"Kiki Smith, "
1488,Eduardo Arroyo
1489,Marco Tirelli
1490,Titi Freak
1491,Gerardo Rosales
1492,Weegee
1493,Lucie Rie
1494,Kenneth Martin
1495,Alessandro Cannistrà
1496,Clara Berta
1497,Tim Rowan
1498,Robert Longo
1499,Eileen Murphy
1500,Conrad Marca-Relli
1501,Hamish Fulton
1502,Samuel Salcedo
1503,The Dotmaster
1504,Vera Molnar
1505,Jorge Mayet
1506,Gary Baseman
1507,Alexander Tinei
1508,Rene Ricard
1509,Michelle Andres
1510,Caroline Udell
1511,Allison Schulnik
1512,Anna Pennati
1513,Sandra Strele
1514,Laksamana Ryo
1515,Keith Coventry
1516,Derrick Velasquez
1517,Xuemeng Zhang
1518,Goshka Macuga
1519,Daum
1520,Michael Carson
1521,Evelyne Axell
1522,Arno Elias
1523,Steve Kaufman
1524,Vernon Fisher
1525,Joakim Ojanen
1526,Agustín Cárdenas
1527,L'ATLAS
1528,Jack Youngerman
1529,Thomas Campbell
1530,Henriëtte Ronner-Knip
1531,Claire Rosen
1532,Austin Turley
1533,Max Ingrand
1534,Paul Delvaux
1535,Joshua Jensen-Nagle
1536,Jason Middlebrook
1537,Marco Mazzoni
1538,Francis Picabia
1539,Jean-Pierre Roy
1540,Vik Muniz
1541,Chris Mars
1542,Yoshino Hirota
1543,Gérard Schlosser
1544,Tonia Nneji
1545,Harry Benson
1546,Warlimpirrnga Tjapaltjarri
1547,Terry Frost
1548,Simon Berger
1549,Malcolm T. Liepke
1550,Patrick Bergsma
1551,Federico Uribe
1552,Atelier Van Lieshout
1553,Maura Segal
1554,Richard Diebenkorn
1555,Luis Gordillo
1556,Gil Bruvel
1557,Brett Amory
1558,Deborah Davidson
1559,J. M. W. Turner
1560,Anish Kapoor
1561,Theophilus Madaki
1562,Frank Stella
1563,Joe Bradley
1564,Ange Dakouo
1565,Mothh
1566,Marsden Hartley
1567,KAI
1568,Tiffany Alfonseca
1569,"Jim Hodges, "
1570,Svetlana K-Lié
1571,Ekaterina Ermilkina
1572,Eyvind Earle
1573,David Matthew King
1574,John Phillip Abbott
1575,Lino Tagliapietra
1576,Brian Jungen
1577,Hijack
1578,Martin Kippenberger
1579,Robert Bauer
1580,Anna Rosen
1581,Emily Mae Smith
1582,Waltercio Caldas
1583,Klara Lilja
1584,Victor Vasarely
1585,Hermann Blumenthal
1586,Jelena Vasiljev
1587,Gigi Rigamonti
1588,Albert Watson
1589,James Rosenquist
1590,Mary Didoardo
1591,Pia Camil
1592,Marion Duschletta
1593,R. B. Kitaj
1594,Alejandro Monge
1595,NOE TWO
1596,Flavie Audi
1597,Barbara Strasen
1598,Sudarshan Shetty
1599,Susan Weil
1600,Chinezim Moghalu
1601,Baldur Helgason
1602,Bill Beckley
1603,Vittorio Zecchin
1604,Ralph Wickiser
1605,John Hoyland
1606,Philippe Pasqua
1607,Romare Bearden
1608,Anna Maria Maiolino
1609,Kasumi Ueba 植葉香澄
1610,Peter Gronquist
1611,Emma Larsson
1612,Tyna Adebowale
1613,Katja Strunz
1614,T.C. Cannon
1615,Todros Geller
1616,Jørgen Haugen Sørensen
1617,Arthur Lanyon
1618,Magdalena Murua
1619,Debbie McBride
1620,Deborah Kass
1621,Eric Astoul
1622,Adriana Marmorek
1623,Elaine Reichek
1624,Amber Goldhammer
1625,Cornelia Parker
1626,Santiago Picatoste
1627,Jered Sprecher
1628,Aaron Siskind
1629,Susan Goldsmith
1630,Alex Gross
1631,Ferjo
1632,Didier William
1633,Logan Maxwell Hagege
1634,Masaaki Yamada
1635,Anthony Hurd
1636,Ian Pollock
1637,Kayla Mahaffey
1638,Imi Knoebel
1639,Walker Evans
1640,Emily Kame Kngwarreye
1641,Gale Antokal
1642,Nathan Paddison
1643,MarieVic
1644,Méret Oppenheim
1645,Dean Melbourne
1646,Willi Siber
1647,ROLANKAY
1648,Jesús Rafael Soto
1649,Bill Jensen
1650,Bernard Buffet
1651,Cecilia Biagini
1652,Renée Sintenis
1653,Jennifer Monet Cowley
1654,Augustine Kofie
1655,Arman
1656,Peter Anton
1657,Sickboy
1658,Anthony Bryant
1659,Maison Leleu
1660,Mary Vernon
1661,Jasper Johns
1662,Alan Fears
1663,Red Grooms
1664,Jack Graves III
1665,Ewerdt Hilgemann
1666,Minjung Kim
1667,Carolyn Brady
1668,Liam Collins
1669,Harland Miller
1670,Charles and Ray Eames
1671,John Van Alstine
1672,Cleve Gray
1673,Norbertine Bresslern-Roth
1674,Josh Keyes
1675,Hiroshi Sato
1676,Adina Andrus
1677,Humans Since 1982
1678,Paul Insect
1679,Alben
1680,Waseem Ahmed
1681,Lorna Simpson
1682,Rubem Valentim
1683,Patrick Rubinstein
1684,Olivia Kemp
1685,Edgar Rupprecht
1686,Fydia Studio
1687,The Haas Brothers
1688,Panthini Thaker
1689,Yayoi Kusama
1690,Masami Teraoka
1691,Agent X
1692,Chelsea Nyegaard
1693,Rafael Alberti
1694,Andres Nagel
1695,Luis Feo
1696,Chiharu Shiota
1697,Fabio Viale
1698,Emiliano Céliz
1699,Martha Tuttle
1700,Louis Reith
1701,Alex Kanevsky
1702,Amy Bessone
1703,Arghavan Khosravi
1704,Manfred Pernice
1705,Wang Dongling 王冬龄
1706,Rebecca Horn
1707,Lyonel Feininger
1708,Karen Finley
1709,Mathias Deutsch
1710,Miquel Barceló
1711,Vasa Velizar Mihich
1712,Alberto Giacometti
1713,Stephen Pentak
1714,Gary John
1715,Bang & Lessin
1716,Olga de Amaral
1717,Keymi
1718,Sally Mann
1719,Thomas Barger
1720,Jannis Kounellis
1721,Leslie Stoner
1722,Thomas Ruff
1723,Sandy Skoglund
1724,Sandy Jian
1725,Carlos Gonzalez
1726,Günter Brus
1727,Ben Aronson
1728,Antonio Calderara
1729,Recycle Group
1730,Jean-Luc Le Mounier
1731,Paul Rousso
1732,Malene Kyed
1733,Orly Genger
1734,Terry O'Neill
1735,Antonio Seguí
1736,Matthew Monahan
1737,Jörg Immendorff
1738,Ellsworth Kelly
1739,Dan Alva
1740,Jesús Curiá
1741,Joseph Rossano
1742,Lawrence Schiller
1743,Richard Dupont
1744,Ignazio Gardella
1745,Askew One
1746,Laura McPhee
1747,Michael Johansson
1748,Cristina BanBan
1749,Karl Lagasse
1750,Miguel Berrocal
1751,Antoni Tàpies
1752,Travess Smalley
1753,Hollis Dunlap
1754,Pinuccio Sciola
1755,Ron Arad
1756,Ian McKeever
1757,Bae Sejin
1758,Josh Agle (Shag)
1759,Katrin Fridriks
1760,Stefano Scheda
1761,Serge Poliakoff
1762,Franco Vaccari
1763,Raoul Dufy
1764,Michael Eastman
1765,Christo and Jeanne-Claude
1766,Chris Beeston
1767,Karen Shapiro
1768,Mark Vessey
1769,Lee Materazzi
1770,Franck Chartrain
1771,Bengt Lindström
1772,Hsiao Chin 蕭勤
1773,Matt Devine
1774,Angel Otero
1775,Heidi Schwegler
1776,Hans J. Wegner
1777,Javier Lopez Barbosa
1778,Cor Fafiani
1779,Richmond Burton
1780,Fabiana Basetti
1781,Scott Day
1782,Jan Kaláb
1783,Daniël Bellon
1784,Sabek
1785,Elio Martinelli
1786,Peter Saul
1787,Fred Eerdekens
1788,Francisca Sutil
1789,Motte
1790,Harry Bertoia
1791,Max Pechstein
1792,Greg Gossel
1793,DALeast
1794,Harold Ancart
1795,Martha Boto
1796,Michelle Y Williams
1797,Noritoshi Mitsuuchi
1798,Hervé van der Straeten
1799,Sandra Chevrier
1800,Pedro o Novo
1801,Sheida Soleimani
1802,Julia Sossinka
1803,Ugo Rondinone
1804,Kiki van Eijk
1805,Scott Patt
1806,Shahzia Sikander
1807,Dominique Zinkpè
1808,Felipe Pantone
1809,Dashiell Manley
1810,Katie Kimmel
1811,Yuta Segawa
1812,Li Lihong
1813,Joan Cornellà
1814,Garry Winogrand
1815,Joël Andrianomearisoa
1816,Berenice Abbott
1817,Gary Bukovnik
1818,Richard MacDonald
1819,Christian Jankowski
1820,Jacques Jarrige
1821,Amy Sherald
1822,Aleksandra Pollner
1823,Reishi Kusaka
1824,Nathan Ota
1825,Silke Albrecht
1826,Paolo Simonazzi
1827,Wolf Kahn
1828,Ivan Montaña
1829,Aimé Mpane
1830,Charles Blackman
1831,Chui Pui-Chee 徐沛之
1832,León Ferrari
1833,Victor Wang
1834,Jiří Georg Dokoupil
1835,Conor Mccreedy
1836,David Bowie
1837,Daniel Spoerri
1838,Edward Wormley
1839,Tyler Mitchell
1840,Kenneth Noland
1841,Jerry Kearns
1842,Geoff McFetridge
1843,Gianfranco Baruchello
1844,Floris Wubben
1845,Rouzan Seropian
1846,Lucas Blalock
1847,Marcel Dzama
1848,Sergio Hernández (b. 1957)
1849,Paul Duval
1850,PAC
1851,Jaroslava Brychtova and Stanislav Libensky
1852,James Sterling Pitt
1853,Emmanuel & Janet Snitkovsky
1854,Martinho Costa
1855,Mark Kostabi
1856,Simon McWilliams
1857,TOBIAS MØHL
1858,Ryan Sarah Murphy
1859,Brian Calvin
1860,Margery Goldberg
1861,Ayala Serfaty
1862,Tom Wesselmann
1863,Viola Frey
1864,Song Hyun Sook
1865,Rafael Sliks
1866,Jong Oh
1867,Hans Hartung
1868,Christina Mastrangelo
1869,Erich Heckel
1870,Mason Storm
1871,Stephanie Hirsch
1872,Onemizer
1873,Liz Leggett
1874,Johan Andersson
1875,Georg Baselitz
1876,Saber
1877,Jonas Lund
1878,Miquel Aparici
1879,Helen Frankenthaler
1880,Finn Juhl
1881,Najee Dorsey
1882,Esmeralda Kosmatopoulos
1883,Atsuko Yamashita
1884,Christine Joy Swanson
1885,Sze Tsung Nicolás Leong
1886,Arthur Rackham
1887,Wardell Milan
1888,Luis Tomasello
1889,Beverly McIver
1890,Brian Thoreen
1891,DADARA
1892,Robert Motherwell
1893,Elizabeth Garouste
1894,Colin Hunt
1895,Carolina Muñoz
1896,Cece Philips
1897,Roberto Almagno
1898,Sam Francis
1899,Daniella Dooling
1900,Andy Goldsworthy
1901,Dale Chihuly
1902,Alberto Biasi
1903,Soren Grau
1904,Gerhard Von Graevenitz
1905,Madeleine Bialke
1906,Erwin Wurm
1907,Jacqueline Humphries
1908,Eric N. Mack
1909,Lubaina Himid
1910,Bernard Saint Maxent
1911,Caroline Achaintre
1912,Philip Gerald
1913,Omar Alshahabi
1914,Shai Kremer
1915,Ardan Özmenoğlu
1916,Tom Marioni
1917,Giulio Paolini
1918,Danny O'Connor
1919,Jonathan Chapline
1920,Andrew Hayes
1921,Jiha Moon
1922,Leslie Sheryll
1923,Paula Juchem
1924,Zoran Mušič
1925,Pedro Pedro
1926,Matthew Brandt
1927,Vahe Berberian
1928,Paco Pomet
1929,Anthony Lister
1930,Mirka Mora
1931,Seiko Tachibana
1932,Constantin Brâncuși
1933,Burgoyne Diller
1934,Elizabeth Garouste and Mattia Bonetti
1935,Konrad Klapheck
1936,Tiffany Studios
1937,Willem de Kooning
1938,Chang Sungeun
1939,Dimarc
1940,Alicia Brown
1941,Edouard Duval-Carrié
1942,Chris Levine
1943,Raphael Mazzucco
1944,Romain Dorez
1945,Helidon Xhixha
1946,Greg Mike
1947,Elvira Bach
1948,Wolf von dem Bussche
1949,Reinier Bosch
1950,Bernhard Martin
1951,Nep Sidhu
1952,James Siena
1953,Enzo Cucchi
1954,Mark di Suvero
1955,Bernd Zimmer
1956,Magdalene Kavanagh-Hetrick
1957,An-My Lê
1958,Anne Samat
1959,Jan Pleitner
1960,Natalie Frank
1961,Marcos Anziani
1962,Georges Mathieu
1963,Theophilus Tetteh
1964,Reinaldo Sanguino
1965,Rhymezlikedimez
1966,Diango Hernández
1967,Paola Pivi
1968,Joel Clark
1969,Wade Guyton
1970,Giuseppe Viviani
1971,Phillip Lloyd Powell
1972,Doze Green
1973,So Youn Lee
1974,Helmut Newton
1975,J. Clayton Bright
1976,Claire de Lavallee
1977,Lui Shou Kwan 呂壽琨
1978,Julian Schnabel
1979,Terri Loewenthal
1980,Walasse Ting 丁雄泉
1981,Alicia Penalba
1982,FAT
1983,Fauve Martine Dechavanne
1984,Zemer Peled
1985,Kees van Dongen
1986,Hans Burkhardt
1987,Kueng Caputo
1988,Porkchop
1989,Dadamaino
1990,Ruby Jhunjhunwala
1991,Peter Pincus
1992,Pierre Bergian
1993,enorê
1994,Everett Shinn
1995,Nadine Faraj
1996,Nelson De La Nuez
1997,Emmanuela Zavattaro
1998,ROOMS
1999,Aura Rosenberg
2000,MADSAKI
2001,Thomas Schütte
2002,Forrest Moses
2003,Ann Gardner
2004,René Romero Schuler
2005,Richard Long
2006,Ayako Rokkaku
2007,Wes Lang
2008,RoamCouch
2009,Arik Levy
2010,Dimitri Horta
2011,Jordan Kerwick
2012,Brooke Noel Morgan
2013,Richard Corman
2014,Stik
2015,Eric Cahan
2016,GEONYUL JANG 장건율
2017,Carl Grossberg
2018,Simon Adam Peter
2019,Pascal Pierme
2020,Hajime Sorayama
2021,Jonathan Borofsky
2022,Chidinma Nnoli
2023,Thomas Lemut
2024,Manfred Mohr
2025,FAILE
2026,Johannes Ehemann
2027,Jayne Anita Smith
2028,Tom Sachs
2029,Robert Courtright
2030,Charline Tyberghein
2031,Jeremy Maxwell Wintrebert
2032,Vhils
2033,Greg Trollop
2034,Jean-Marie Fiori
2035,Richard Smith (1931-2016)
2036,Maurizio Cattelan
2037,B. Wurtz
2038,Otagaki Rengetsu
2039,Mark Tobey
2040,Jason deCaires Taylor
2041,James McMullan
2042,Brad Phillips
2043,Paul McCarthy
2044,Jana & JS
2045,Michael Craik
2046,Mad One
2047,Pan Yuliang
2048,Keith Malone
2049,Richard Artschwager
2050,David Kammerzell
2051,Abigail Reynolds
2052,Adriane Strampp
2053,Shadi Ghadirian
2054,Kate Petley
2055,William Buchanan
2056,Ron Gorchov
2057,Oscar Tuazon
2058,Kosuke
2059,Sasha-Lee Jacobz
2060,Mark Fleuridor
2061,Kollabs
2062,Soda
2063,John Chiara
2064,Boo Lynn Walsh
2065,Avigdor Arikha
2066,Banksy Hates Me
2067,Sergio Roffo
2068,El Anatsui
2069,Julian Opie
2070,Christopher Wilmarth
2071,André Derain
2072,Serge Alain Nitegeka
2073,Nicholas Howey
2074,Antonio Saura
2075,Ann-Charlotte Ohlsson
2076,Hebru Brantley
2077,Ed Templeton
2078,Molly Greene
2079,Mark Hagen
2080,Coffee Yuka
2081,Nick Walker
2082,Hongwei Li
2083,Gohar Dashti
2084,Orlando Agudelo Botero
2085,Jeni Johnson
2086,Fernand Léger
2087,Gerard Mas
2088,Alex Hull
2089,Clyde Steadman
2090,Frank Lloyd Wright
2091,Lita Cabellut
2092,Irma Blank
2093,Massimo Listri
2094,Laura Naples
2095,Robert Cottingham
2096,Leonardo Ulian
2097,Takesada Matsutani
2098,Childe Hassam
2099,Ana Zanic
2100,Demarcus McGaughey
2101,Jane Shaw
2102,Lone Skov Madsen
2103,Alexis Mata
2104,Sophie Hirsch
2105,Marlene Rose
2106,Bram Bogart
2107,Nick Gentry
2108,Marcos Castro
2109,Ziesook You
2110,Maria-Carmen Perlingeiro
2111,Manuela Pimentel
2112,Giorgio Morandi
2113,Mat Collishaw
2114,M. C. Escher
2115,Amphora
2116,Huang Yan
2117,Isabell Beyel
2118,Preston Paperboy
2119,Katherine Gray
2120,Russell Young
2121,Jonathan Meese
2122,Clark Goolsby
2123,Alexander Liberman
2124,Matt Corrado
2125,Mary Finlayson
2126,Julie Heffernan
2127,Alighiero Boetti
2128,ELMO HOOD
2129,Miguel Millo
2130,Paul Jenkins
2131,D*Face
2132,Giorgiko
2133,Martín Chirino
2134,Robert Freeman
2135,Mr.
2136,Tim Walker
2137,Margo Wolowiec
2138,Jomo Tariku
2139,Freya Tewelde
2140,Juan Genovés
2141,Mark Ryden
2142,Michael Giliberti
2143,Steve Miller
2144,Francesca Pasquali
2145,David Levinthal
2146,Cy Twombly
2147,Leon Kossoff
2148,Sara Genn
2149,Albert Gleizes
2150,Yoram Wolberger
2151,Christy Lee Rogers
2152,Risaku Suzuki
2153,Nathan Abels
2154,Ludwig Meidner
2155,Purvis Young
2156,Paul Signac
2157,Phlegm
2158,Adam Handler
2159,Gerhard Richter
2160,Lee Bae
2161,Gillie and Marc Schattner
2162,Iryna Maksymova
2163,McDermott & McGough
2164,Olivo Barbieri
2165,Giulio Turcato
2166,Robert Arneson
2167,Werner Drewes
2168,Dondi White (Donald Joseph White)
2169,Lucas Samaras
2170,N'Dorah
2171,Campbell La Pun
2172,Fritz Winter
2173,Anton Henning
2174,Ryan Crotty
2175,Hiroshi Masaki
2176,Rand Masa’deh
2177,Penelope Umbrico
2178,Yelaine Rodriguez
2179,Ravi Zupa
2180,Facture Studio
2181,Osvaldo Borsani
2182,Belkis Ayón
2183,Francesco Clemente
2184,Rivane Neuenschwander
2185,Banksy
2186,Bruce Helander
2187,Eva Lootz
2188,Mark Acetelli
2189,Sunday B. Morning
2190,Amel Chamandy
2191,James Hayman
2192,Meschac Gaba
2193,Salvo
2194,James Brooks (1906-1992)
2195,Jacques Lipchitz
2196,Matteo Negri
2197,Norman Bluhm
2198,Bruce High Quality Foundation
2199,Dora Maar
2200,Maximilien Luce
2201,Anett Biliczki
2202,Adrian Deckbar
2203,Maria Helena Vieira da Silva
2204,Jenny Holzer
2205,DIDIER MASSET
2206,Lavett Ballard
2207,Verónica Miranda Martinez
2208,Luigi Ghirri
2209,Erik Minter
2210,Jae Yong Kim
2211,David Rappeneau
2212,René Magritte
2213,Chiho Aoshima
2214,Rodrigo Hernández
2215,Joan Ponç
2216,Thu Van Tran
2217,Hiroaki Onuma
2218,Ethel Stein
2219,Jun Kaneko
2220,Kenny Scharf
2221,Knox Martin
2222,Miriam Schapiro
2223,Saul Steinberg
2224,Bernd Caspar Dietrich
2225,Austyn Taylor
2226,Anton Alvarez
2227,Levalet
2228,Julien Boudet
2229,Erik Madigan Heck
2230,Richard Anuszkiewicz
2231,Chris Trueman
2232,Michael Craig-Martin
2233,Joe Suzuki
2234,Patrick Caulfield
2235,Edgar Degas
2236,Stickymonger
2237,Ado Chale
2238,Wang Yigang 王易罡
2239,Sebastian Herzau
2240,Jose Ricardo Contreras Gonzalez
2241,Atushiko Musashi
2242,Lucien Clergue
2243,Jonas Leriche
2244,Aneta Kajzer
2245,Kate Malone
2246,Mario Schifano
2247,Christian Rohlfs
2248,Andreas Gursky
2249,Merlin James
2250,Jean-Pierre Cassigneul
2251,Ann Thomson
2252,Felipe Castañeda
2253,Daniella Queirolo
2254,Rostarr
2255,Paul Evans (1931-1987)
2256,Lola Dupré
2257,Philip Pearlstein
2258,Sam Haskins
2259,Ruth Minola Scheibler
2260,Melville Price
2261,Kumi Sugaï
2262,Morley
2263,Sarah Lutz
2264,Henri Matisse
2265,Fernando Braune
2266,Patricia Encarnación
2267,Jason Kanaginis
2268,David Simpson
2269,Rogerio Timoteo
2270,VeraD
2271,Kimchi Juice (Julia Chon)
2272,D’argental glass
2273,Guy Denning
2274,Cali Thornhill Dewitt
2275,Nathan Loda
2276,Didem Yağcı
2277,Unknown
2278,Keisuke Yamamoto (b. 1979)
2279,Donna Huanca
2280,Carrie Mae Weems
2281,Luke Gray
2282,Jo Ganter
2283,Stephen Forbes
2284,Mandy Cano Villalobos
2285,Romero Britto
2286,Leoncillo Leonardi
2287,Mano Penalva
2288,Jim Nutt
2289,Rogelio Polesello
2290,Bernhard Buhmann
2291,Ivan Arlaud
2292,Mickalene Thomas
2293,Paulina Olowska
2294,Rich Simmons
2295,TABBY
2296,Carol Rama
2297,"Keith Haring, "
2298,Franco Fontana
2299,James Havard
2300,Todd Kelly
2301,Dennis Adams
2302,Cathrine Raben Davidsen
2303,Studio Job
2304,Marco Breuer
2305,Julija Levkova
2306,Bob Ross
2307,Lisa Yuskavage
2308,Cesar Santos
2309,Mr. Brainwash
2310,Cherie Cheuk Ka Wai
2311,Michel Salerno
2312,Safwan Dahoul
2313,Nick Veasey
2314,Liu Bolin
2315,A.R. Penck
2316,Lisabel
2317,Angelo Accardi
2318,Thomas Alexander Harrison
2319,Salvador Dalí
2320,Charly Palmer
2321,Stephen Powers
2322,Helen Miranda Wilson
2323,Jacques Villeglé
2324,Peter Reginato
2325,Joris Laarman
2326,Hayv Kahraman
2327,Joel Shapiro
2328,Judy Chicago
2329,Manolo Valdés
2330,Bambi
2331,Jenna Krypell
2332,Jef Aérosol
2333,François Azambourg
2334,Markus F. Strieder
2335,REWA
2336,Boaz Vaadia
2337,Jeremy Biggers
2338,Yasumasa Morimura 森村 泰昌
2339,Tomoyuki Hirai
2340,Michael Kalish
2341,How & Nosm
2342,Madeline Denaro
2343,Robyn Denny (1930-2014)
2344,El Pez
2345,Marco A. Castillo
2346,Gareth Nyandoro
2347,Javier Ortas
2348,Casper Brindle
2349,Max Hirshfeld
2350,Alice Quaresma
2351,Virgil Abloh
2352,Beatrice Wood
2353,Turi Simeti
2354,Heinz Mack
2355,Rosemarie Trockel
2356,Mollie Timpson
2357,Adjani Okpu-Egbe
2358,Pino Pinelli
2359,Eric Zammitt
2360,Billy Al Bengston
2361,Fabián Ugalde
2362,Christopher West
2363,Lulu Kaalund
2364,Yago Hortal
2365,Ryol
2366,William Zorach
2367,Tyson Grumm
2368,Otto Dix
2369,Jean Arp
2370,Jeremy Fish
2371,Easton Pribble
2372,Dennis Oppenheim
2373,Adja Yunkers
2374,Regine Schumann
2375,Rachel Kaye
2376,Prefab77
2377,Helldenmut
2378,Leonardo Cremonini
2379,Enrico Castellani
2380,Lara Padilla (Sra D)
2381,Franz van Severdonck
2382,Friedel Dzubas
2383,Max Ernst
2384,Peter Linde Busk
2385,Spencer Hansen
2386,Franco DeFrancesca
2387,Ken Price
2388,Wilhelm Mundt
2389,Sam Falls
2390,Kris Gebhardt
2391,Karen Margolis
2392,Hilo Chen
2393,Angela Ellsworth
2394,Rana Begum
2395,Robert Natkin
2396,Sadaharu Horio 堀尾 貞治
2397,Albert Oehlen
2398,Carrie Reichardt
2399,Rainer Fetting
2400,Vivek Vilasini
2401,Anne-Katrine Senstad
2402,Roni Horn
2403,Secundino Hernández
2404,Karl Wirsum
2405,Cayla Birk.
2406,Muntean & Rosenblum
2407,Josh Reames
2408,Ellya Zilsky
2409,Susan Hefuna
2410,Caroline Denervaud
2411,jenny Verplanke
2412,Ryan Hewett
2413,Binh Danh
2414,Walter Swennen
2415,Corey Mason
2416,Norio Imai
2417,Lawrence Carroll
2418,Amy Robson
2419,Giacomo Balla
2420,Richard Perry
2421,Rufino Tamayo
2422,Gustav Gurschner
2423,Zhipeng Tan
2424,Bethany Czarnecki
2425,Claire Falkenstein
2426,Richard Hambleton
2427,Saint Clair Cemin
2428,Grazia Varisco
2429,Setdebelleza
2430,Daniel Buren
2431,Omar Ba
2432,SONIC BAD
2433,Hidetoshi Nagasawa
2434,Andy Warhol
2435,Dwinell Grant
2436,"Pierre Jeanneret, "
2437,Mel Kendrick
2438,Massimo Lunardon
2439,Vladislav Markov
2440,Raymond Pettibon
2441,Rero
2442,Laura Van Horne
2443,Karen Kilimnik
2444,Caroline Veith
2445,Doug Argue
2446,George Deem
2447,Ayobola Kekere-ekun
2448,Tatsuo Miyajima 宮島 達男
2449,Matt Kleberg
2450,Poul Kjærholm
2451,JPW3
2452,Paul Kremer
2453,Simon Edery
2454,Gerard Kuijpers
2455,Fabrizio Clerici
2456,William Gear
2457,Lantomo
2458,Bertozzi & Casoni
2459,Gjertrud Hals
2460,Brett Kern
2461,Naihan Li
2462,Alake Shilling
2463,Billy Sullivan
2464,Eero Saarinen
2465,Meszlényi Karl
2466,Ian Collings
2467,Robert Stadler
2468,Becky Kolsrud
2469,Gwyn Hanssen Pigott
2470,TIDE
2471,Jean-Michel Basquiat
2472,Pieter Hugo
2473,Tracey Emin
2474,Michael Deyermond
2475,Daniel Martin Diaz
2476,Keiko Masumoto 桝本佳子
2477,Helen Mirra
2478,George Herms
2479,Masako Inoue
2480,Huguette Arthur Bertrand
2481,Juan Abuela
2482,Walead Beshty
2483,Sigmar Polke
2484,Gui Calil
2485,Cerith Wyn Evans
2486,Robert Gower
2487,Carla Accardi
2488,Zhong Sheng
2489,Wyatt Kahn
2490,Adele Renault
2491,William Gropper
2492,Vicente Rojo
2493,Jadé Fadojutimi
2494,Shara Hughes
2495,Sam Gilliam
2496,Cey Adams
2497,Imanol Castro
2498,TORREGAR
2499,Barbara Kruger
2500,Claudia Hartley
2501,Ernst Barlach
2502,Marisa Takal
2503,Masahisa Fukase
2504,Azzah Sultan
2505,Coco Hall
2506,Justin Liam O'Brien
2507,Richard Orlinski
2508,Matteo Basilé
2509,Stuart Dunkel
2510,Jaimal Odedra
2511,Hom Nguyen
2512,Johan Barrios
2513,Max Beckmann
2514,Carole A. Feuerman
2515,Peter Waite
2516,Ron English
2517,Jonni Cheatwood
2518,Jeffrey Milstein
2519,Neoza Goffin
2520,Isabelle Scheltjens
2521,Pierre Jeanneret
2522,Todd James
2523,Fab 5 Freddy (Fred Brathwaite)
2524,Terry Winters
2525,Robert Lebsack
2526,Misha Kahn
2527,Darby Milbrath
2528,Casey Childs
2529,Fernando Botero
2530,Daniel Domig
2531,Marlene Dumas
2532,Ryan Callanan (RYCA)
2533,Tobia Scarpa
2534,DABSMYLA
2535,Thor Huus
2536,Balthasar Burkhard
2537,Martina Nehrling
2538,Kazuhide Takahama
2539,India Mahdavi
2540,David Yarrow
2541,Jock Sturges
2542,Anders Ruhwald
2543,Thomas Nozkowski
2544,Matt McCormick
2545,Dirk Salz
2546,Ed Ruscha
2547,Kendra Lynn Bulgrin
2548,Chris Succo
2549,Thomas Demand
2550,Matt Shlian
2551,Karl Hartung
2552,Tammy Liu-Haller
2553,Zhang Xiaogang
2554,Joachim Bandau
2555,AIKO
2556,Marcel Alcalá
2557,Tuomas Markunpoika
2558,Ernest Carneado Ferreri
2559,Arno Beck
2560,Josh Brown
2561,Diane Ayott
2562,Aron Wiesenfeld
2563,Loie Hollowell
2564,Ben Nicholson
2565,Harumi Nakashima
2566,Arne Vodder
2567,Peter Robert Keil
2568,Elizabeth Turk
2569,Hayden Kays
2570,Xing Danwen
2571,Richard Nonas
2572,Vicky Barranguet
2573,Yang Jiechang 杨诘苍
2574,Jillian Evelyn
2575,Jan De Vliegher
2576,Ysabel Lemay
2577,Tomohide Ikeya
2578,Walter Dahn
2579,Lisette Van Hoogenhuyze
2580,Minegishi Seikō
2581,Fred Sandback
2582,Lisa Fellerson
2583,Ulrich Rückriem
2584,Electric Coffin
2585,Barry McGee
2586,Raphael Macek
2587,SAB
2588,Olafur Eliasson
2589,Maike Lausen
2590,Warren Platner
2591,Jiří Kolář
2592,Johanna Reich
2593,HuskMitNavn
2594,Yuri Kuper
2595,Patrick Jacobs
2596,Julian Lethbridge
2597,Tyrrell Winston
2598,Jeremy Brown
2599,CHO HYORI
2600,Bill Traylor
2601,Jerkface
2602,Pedro Friedeberg
2603,Ashley Irizarry
2604,Chris McCaw
2605,Rob Pruitt
2606,Arshile Gorky
2607,Daniele Buetti
2608,Jules Leleu
2609,Antoine Poncet
2610,Marina Adams
2611,Katherine Bernhardt
2612,L7M aka Luis Martins
2613,Joaquim Tenreiro
2614,Mary Cassatt
2615,Donald Judd
2616,"Marina Abramović, "
2617,Patrick Wilson
2618,Paolo Icaro
2619,Auguste Rodin
2620,Solveiga Vaitkute
2621,Stephen Edlich
2622,Emma Kohlmann
2623,Yves Crenn
2624,Tom Platt
2625,Vicki Sher
2626,Miyashita Zenji
2627,Anne Siems
2628,SAKE STC
2629,Mehdi Ghadyanloo
2630,Ian Rayer-Smith
2631,Greg Guillemin
2632,Adolf Luther
2633,Elizabeth Langreiter
2634,Thorsten Brinkmann
2635,Ralph Kiggell
2636,Shaikha Al Mazrou
2637,David Benjamin Sherry
2638,Jean Dubuffet
2639,Richard Bernstein
2640,Henri Michaux
2641,Demián Flores
2642,Andrej Dubravsky
2643,Maj-Britt Zelmer Olsen
2644,Herman Leonard
2645,Javier Marin
2646,Joe Wardwell
2647,Annalù Boeretto
2648,John Little
2649,Trish DeMasi
2650,Zhoujie Zhang
2651,Paolo Consorti
2652,James Marshall
2653,Carroll Dunham
2654,Yi Kai
2655,Colin Pearson
2656,Robert Rauschenberg
2657,Eleanor McNair
2658,Nelson Makamo
2659,Françoise Gilot
2660,Claudin Felix
2661,Clare Goodwin
2662,Qin Feng 秦风
2663,Morten Klitgaard
2664,Eung Ho Park
2665,Marcelo Moscheta
2666,Will Ryman
2667,Steve Johnson
2668,Massimo Micheluzzi
2669,David Gerstein
2670,Bortusk Leer
2671,Bates Wilson
2672,Lauren Mabry
2673,Charles Searles
2674,John Kacere
2675,Shoko Fujimori
2676,"CRASH (John ""Crash"" Matos)"
2677,William T. Wiley
2678,Diego Rivera
2679,Manuel Faura
2680,Giuseppe Capogrossi
2681,Sarah Lucas
2682,Byron Browne
2683,Miss Bugs
2684,Petra Rös-Nickel
2685,Holly Addi
2686,Mel Davis
2687,Mohana
2688,Aldo Mondino
2689,Sabino Guisu
2690,Alexej von Jawlensky
2691,Eduardo Chillida
2692,Michele Mikesell
2693,Mokha Laget
2694,Duncan Johnson
2695,Nanan (b. 1978)
2696,Tara Donovan
2697,Henrique Oliveira
2698,Charles Hinman
2699,Jesse Willems
2700,Evgen Copi Gorisek
2701,Nathan Mabry
2702,Study O Portable
2703,Robert Roth
2704,Daisuke Yokota
2705,Goro Suzuki 鈴木五郎
2706,Hiroshi Sugimoto
2707,Mats Bergquist
2708,Malcolm Martin and Gaynor Dowling
2709,Adriana Oliver
2710,Seek One
2711,Amy Genser
2712,William Coggin
2713,Peter McDonald
2714,Piet Stockmans
2715,Fnnch
2716,Brian Dettmer
2717,Pepe López
2718,David E. Peterson
2719,Stefanie Heinze
2720,Mark Jenkins
2721,Matt Gondek
2722,Nigel Hall
2723,Cornelia Schleime
2724,Kon Trubkovich
2725,Bernar Venet
2726,Dion Johnson
2727,Rip Matteson
2728,Sylvia Cohen
2729,Jaynie Crimmins
2730,Giorgio de Chirico
2731,Joseph Eze
2732,AkaCorleone
2733,D'Après Adolphe Mouron Cassandre
2734,Abell Octovan
2735,George Shaw (b. 1966)
2736,Danny Gretscher
2737,"Revok, "
2738,Xianwei Zhu
2739,Alfons Bytautas
2740,Brian Dovie Golden
2741,Lee Ufan
2742,Snik
2743,Alexandra Kordas
2744,Anthony Goicolea
2745,Larry Clark
2746,Jānis Avotins
2747,Guillaume Piechaud
2748,Luis Wells
2749,Roby Dwi Antono
2750,Massimo Vignelli
2751,Kurar
2752,Christine Wang
2753,Sandra Bechtold
2754,YRAK
2755,Wangechi Mutu
2756,Luigi Ontani
2757,Fuzi
2758,Maqbool Fida Husain
2759,Koenraad Dedobbeleer
2760,Jan Hendrix
2761,Nyugen E. Smith
2762,Hueman
2763,Norman Lewis
2764,Ishiuchi Miyako
2765,Budd Hopkins
2766,Yinka Shonibare
2767,Cartrain
2768,Nick Brandt
2769,Vlad Ogay
2770,TM Nicholas
2771,After Pablo Picasso
2772,Raymond Bonilla
2773,Le Corbusier
2774,COOKIE
2775,Maria Lassnig
2776,Joel Sternfeld
2777,Todd Carpenter
2778,Salustiano
2779,Armin Amirian
2780,Steve Pettengell
2781,Robert Lyons
2782,Calori & Maillard
2783,Nicholas Bodde
2784,Nicola Simbari
2785,Jia Yirui
2786,Lee Friedlander
2787,Joana Vasconcelos
2788,Jack Whitten
2789,Nathanael Cox
2790,Stefano Bombardieri
2791,Nicasio Fernandez
2792,Sigve Knutson
2793,Christopher Bucklow
2794,Futura
2795,Sally Michel Avery
2796,Achille and Pier Giacomo Castiglioni
2797,Peter Beard
2798,Adele Howitt
2799,Sylvie Auvray
2800,Ancizar Marin
2801,Brie Ruais
2802,Sadequain
2803,Anna Virnich
2804,Michael Bergt
2805,Agnes Martin
2806,Sarah Morris
2807,Jeff Brouws
2808,Zephira
2809,Erik Renssen
2810,Troika
2811,Jim Dine
2812,Jeff Muhs
2813,Constance Tenvik
2814,Andrea Nassar
2815,Eva Hild
2816,Mirang Wonne
2817,Brian Keith Stephens
2818,Stig Persson
2819,Vito Acconci
2820,Joanna Glazer
2821,Steven Alexander
2822,Tal R
2823,Shepard Fairey
2824,Justin Lyons
2825,Larry Poons
2826,William Kentridge
2827,Nina Murashkina
2828,John M. Armleder
2829,James Ulmer
2830,Aranda\Lasch
2831,Juan Francisco Casas
2832,James Aponovich
2833,Jeanette Pasin Sloan
2834,John Hogan
2835,Bruce R. MacDonald
2836,Stephané Edith Conradie
2837,Thai Mainhard
2838,Kofi Awuyah
2839,Fred Brouard
2840,Liz Nielsen
2841,Hung Liu 刘虹
2842,Pejac
2843,Reynier Leyva Novo
2844,José Luis Cuevas
2845,Damien Hirst
2846,Asger Jorn
2847,Daniela Raytchev
2848,Alex Olson (b.1978)
2849,Nicolas Party
2850,Jamilla Okubo
2851,Claire Fontaine
2852,Frank Thiel
2853,Naama Tsabar
2854,Matt Lambert (b. 1982)
2855,Jaume Plensa
2856,Chun Kwang Young
2857,Chris Ofili
2858,Douglas Gordon
2859,Axel Salto
2860,Koloman Moser
2861,Cornbread
2862,Georges Braque
2863,Ramona Nordal
2864,Ernst Haas
2865,Sam Friedman
