,id,class
0,prints1293,contemporary
1,prints762,contemporary-realism
2,prints947,contemporary-realism
3,works-on-paper418,contemporary
4,prints348,conceptual-art
5,works-on-paper734,post-minimalism
6,prints1326,conceptual-art
7,painting245,minimalism
8,prints483,conceptual-art
9,prints1380,conceptual-art
10,works-on-paper1499,street-art
11,prints675,conceptual-art
12,prints1339,contemporary
13,works-on-paper721,minimalism
14,works-on-paper328,minimalism
15,prints177,minimalism
16,works-on-paper676,contemporary-realism
17,works-on-paper177,light-and-space
18,works-on-paper326,minimalism
19,painting372,contemporary
20,painting67,conceptual-art
21,works-on-paper826,contemporary-realism
22,prints518,conceptual-art
23,works-on-paper671,photorealism
24,works-on-paper1328,contemporary-realism
25,works-on-paper984,minimalism
26,prints217,minimalism
27,prints565,contemporary-realism
28,works-on-paper1444,neo-pop-art
29,painting1110,minimalism
30,prints1423,minimalism
31,works-on-paper1405,post-minimalism
32,works-on-paper190,minimalism
33,prints9,minimalism
34,works-on-paper357,street-art
35,prints1307,conceptual-art
36,painting1350,minimalism
37,works-on-paper500,neo-pop-art
38,works-on-paper730,minimalism
39,prints447,street-art
40,prints752,post-minimalism
41,prints714,conceptual-art
42,prints97,contemporary
43,painting360,minimalism
44,works-on-paper615,conceptual-art
45,works-on-paper964,conceptual-art
46,painting579,post-minimalism
47,prints548,minimalism
48,works-on-paper1430,conceptual-art
49,prints37,conceptual-art
50,prints141,minimalism
51,prints530,minimalism
52,prints817,contemporary-realism
53,prints290,contemporary-realism
54,prints914,contemporary
55,prints1182,minimalism
56,works-on-paper345,post-minimalism
57,prints1032,post-minimalism
58,prints337,contemporary-realism
59,prints1368,minimalism
60,prints710,conceptual-art
61,painting1180,conceptual-art
62,prints296,conceptual-art
63,prints1120,minimalism
64,prints851,minimalism
65,prints800,neo-pop-art
66,prints586,contemporary
67,painting421,photorealism
68,works-on-paper1357,minimalism
69,prints1469,minimalism
70,painting1283,contemporary
71,prints716,contemporary
72,prints939,contemporary
73,works-on-paper349,minimalism
74,works-on-paper1453,post-minimalism
75,painting882,neo-pop-art
76,works-on-paper242,contemporary-realism
77,prints411,contemporary-realism
78,painting912,street-art
79,painting1137,conceptual-art
80,works-on-paper1412,minimalism
81,works-on-paper1039,contemporary
82,prints897,contemporary
83,works-on-paper1137,street-art
84,prints1014,minimalism
85,works-on-paper214,conceptual-art
86,prints870,conceptual-art
87,painting1411,contemporary
88,works-on-paper959,contemporary
89,prints59,transavantgarde
90,painting610,street-art
91,works-on-paper1097,conceptual-art
92,prints1361,conceptual-art
93,prints370,contemporary-realism
94,prints1441,conceptual-art
95,prints1069,contemporary
96,prints1022,neo-pop-art
97,prints25,contemporary-realism
98,works-on-paper735,contemporary-realism
99,works-on-paper623,contemporary
100,works-on-paper1498,new-european-painting
101,prints660,contemporary
102,works-on-paper863,conceptual-art
103,painting269,conceptual-art
104,painting1286,conceptual-art
105,painting504,contemporary
106,prints511,contemporary
107,painting159,street-art
108,prints678,contemporary
109,prints925,street-art
110,works-on-paper697,conceptual-art
111,prints685,contemporary
112,prints41,conceptual-art
113,painting58,minimalism
114,prints400,neo-pop-art
115,works-on-paper68,minimalism
116,works-on-paper647,minimalism
117,works-on-paper1235,minimalism
118,prints831,conceptual-art
119,prints773,contemporary
120,prints1330,conceptual-art
121,prints1096,minimalism
122,prints1295,neo-pop-art
123,prints139,street-art
124,prints872,conceptual-art
125,prints398,contemporary-realism
126,works-on-paper779,minimalism
127,prints1118,minimalism
128,prints328,conceptual-art
129,prints1027,minimalism
130,prints948,post-minimalism
131,prints207,contemporary
132,prints1033,post-minimalism
133,prints1150,contemporary
134,prints514,post-minimalism
135,works-on-paper1427,transavantgarde
136,prints942,neo-pop-art
137,prints574,contemporary
138,prints822,light-and-space
139,prints1181,conceptual-art
140,painting1096,contemporary-realism
141,prints1137,contemporary-realism
142,prints399,minimalism
143,prints849,minimalism
144,prints949,conceptual-art
145,painting625,post-minimalism
146,prints1192,conceptual-art
147,prints264,contemporary-realism
148,prints242,minimalism
149,works-on-paper905,conceptual-art
150,painting1332,contemporary
151,prints1490,minimalism
152,works-on-paper1277,minimalism
153,prints611,minimalism
154,works-on-paper490,contemporary-realism
155,works-on-paper503,minimalism
156,painting568,minimalism
157,works-on-paper838,conceptual-art
158,prints777,contemporary-realism
159,works-on-paper858,new-european-painting
160,prints1190,conceptual-art
161,prints1196,minimalism
162,painting667,conceptual-art
163,prints1053,conceptual-art
164,prints823,conceptual-art
165,works-on-paper642,neo-pop-art
166,works-on-paper1014,conceptual-art
167,works-on-paper395,minimalism
168,works-on-paper726,minimalism
169,works-on-paper1160,minimalism
170,prints1066,contemporary
171,works-on-paper1081,conceptual-art
172,prints735,minimalism
173,works-on-paper193,contemporary
174,prints66,contemporary
175,prints676,conceptual-art
176,painting968,contemporary-realism
177,works-on-paper217,contemporary-realism
178,painting302,conceptual-art
179,works-on-paper248,conceptual-art
180,works-on-paper759,street-art
181,prints255,contemporary-realism
182,prints1266,street-art
183,works-on-paper406,contemporary-realism
184,works-on-paper651,minimalism
185,works-on-paper303,contemporary
186,prints510,post-minimalism
187,painting1072,street-art
188,prints1450,conceptual-art
189,works-on-paper539,minimalism
190,works-on-paper784,contemporary
191,painting563,contemporary-realism
192,prints532,conceptual-art
193,works-on-paper785,street-art
194,painting1109,photorealism
195,prints161,minimalism
196,painting253,photorealism
197,works-on-paper931,contemporary-realism
198,painting297,neo-pop-art
199,painting659,contemporary
200,painting391,street-art
201,prints1169,contemporary
202,painting688,post-minimalism
203,painting578,conceptual-art
204,prints767,contemporary
205,prints339,contemporary-realism
206,prints1386,conceptual-art
207,prints1183,minimalism
208,prints1395,minimalism
209,prints1465,contemporary-realism
210,prints1083,conceptual-art
211,works-on-paper951,conceptual-art
212,prints1235,contemporary-realism
213,prints1256,minimalism
214,prints89,conceptual-art
215,prints1072,contemporary
216,painting1419,neo-pop-art
217,works-on-paper648,conceptual-art
218,works-on-paper302,conceptual-art
219,works-on-paper960,conceptual-art
220,prints349,minimalism
221,prints1440,neo-pop-art
222,prints1316,conceptual-art
223,works-on-paper494,contemporary
224,prints121,minimalism
225,prints993,contemporary-realism
226,prints873,post-minimalism
227,prints1438,contemporary-realism
228,prints889,conceptual-art
229,prints1291,conceptual-art
230,works-on-paper316,conceptual-art
231,prints1498,conceptual-art
232,prints1476,neo-pop-art
233,prints726,contemporary-realism
234,painting144,street-art
235,works-on-paper1274,minimalism
236,painting1190,street-art
237,works-on-paper1094,conceptual-art
238,painting63,contemporary-realism
239,prints1227,minimalism
240,prints452,minimalism
241,works-on-paper457,contemporary-realism
242,prints1064,post-minimalism
243,prints902,post-minimalism
244,painting1024,minimalism
245,painting838,photorealism
246,painting476,street-art
247,works-on-paper528,contemporary
248,painting748,street-art
249,prints414,new-european-painting
250,prints1179,contemporary
251,prints593,post-minimalism
252,prints1305,conceptual-art
253,prints105,new-european-painting
254,prints112,contemporary-realism
255,prints441,minimalism
256,works-on-paper992,conceptual-art
257,works-on-paper1021,contemporary
258,works-on-paper1374,conceptual-art
259,works-on-paper743,minimalism
260,prints1136,conceptual-art
261,painting761,minimalism
262,prints867,conceptual-art
263,prints733,neo-pop-art
264,prints1455,street-art
265,prints656,contemporary
266,prints1146,conceptual-art
267,works-on-paper443,conceptual-art
268,prints445,conceptual-art
269,prints997,minimalism
270,works-on-paper1243,post-minimalism
271,works-on-paper715,conceptual-art
272,prints519,contemporary-realism
273,prints1129,conceptual-art
274,painting1120,street-art
275,prints167,conceptual-art
276,prints852,conceptual-art
277,painting1273,minimalism
278,prints1070,minimalism
279,prints1203,street-art
280,painting442,contemporary
281,prints884,contemporary
282,prints195,contemporary
283,prints1369,conceptual-art
284,prints482,conceptual-art
285,prints605,contemporary
286,painting669,contemporary
287,works-on-paper30,neo-pop-art
288,prints1333,conceptual-art
289,works-on-paper928,street-art
290,painting307,conceptual-art
291,works-on-paper161,minimalism
292,prints302,contemporary
293,painting83,light-and-space
294,works-on-paper1015,contemporary-realism
295,works-on-paper79,contemporary
296,prints908,neo-pop-art
297,works-on-paper1158,minimalism
298,prints334,contemporary
299,prints253,conceptual-art
300,works-on-paper1012,conceptual-art
301,prints1075,post-minimalism
302,prints559,minimalism
303,prints1008,post-minimalism
304,prints364,conceptual-art
305,prints1491,post-minimalism
306,prints1433,contemporary
307,prints698,contemporary-realism
308,prints901,post-minimalism
309,prints1463,street-art
310,works-on-paper424,contemporary-realism
311,works-on-paper692,minimalism
312,prints498,post-minimalism
313,painting145,light-and-space
314,works-on-paper1185,contemporary
315,prints222,contemporary
316,prints342,minimalism
317,prints909,conceptual-art
318,prints480,conceptual-art
319,prints830,photorealism
320,prints176,contemporary
321,painting1081,street-art
322,painting213,post-minimalism
323,works-on-paper227,minimalism
324,works-on-paper1408,conceptual-art
325,painting777,neo-pop-art
326,painting255,street-art
327,works-on-paper1123,conceptual-art
328,prints666,conceptual-art
329,prints655,minimalism
330,prints684,neo-pop-art
331,prints1090,neo-pop-art
332,prints739,contemporary
333,prints246,conceptual-art
334,prints489,minimalism
335,prints868,neo-pop-art
336,prints419,post-minimalism
337,prints394,neo-pop-art
338,painting1219,contemporary-realism
339,painting398,contemporary
340,painting148,contemporary
341,prints265,contemporary-realism
342,works-on-paper1035,conceptual-art
343,works-on-paper1175,minimalism
344,painting214,conceptual-art
345,works-on-paper1246,contemporary
346,prints83,contemporary
347,prints159,contemporary
348,prints798,conceptual-art
349,prints359,neo-pop-art
350,works-on-paper1131,minimalism
351,prints828,photorealism
352,works-on-paper501,minimalism
353,works-on-paper1173,conceptual-art
354,works-on-paper346,minimalism
355,works-on-paper910,minimalism
356,works-on-paper122,post-minimalism
357,works-on-paper419,minimalism
358,works-on-paper171,contemporary-realism
359,prints564,conceptual-art
360,works-on-paper1148,light-and-space
361,prints134,contemporary
362,prints723,minimalism
363,painting1004,new-european-painting
364,painting1338,conceptual-art
365,works-on-paper89,contemporary-realism
366,prints550,conceptual-art
367,works-on-paper515,conceptual-art
368,prints172,neo-pop-art
369,prints1161,contemporary
370,prints893,conceptual-art
371,prints1268,conceptual-art
372,prints1282,contemporary
373,prints259,neo-pop-art
374,painting547,contemporary
375,works-on-paper212,conceptual-art
376,painting45,contemporary
377,prints1480,contemporary
378,prints122,minimalism
379,painting653,contemporary
380,prints1114,conceptual-art
381,works-on-paper1216,minimalism
382,prints613,contemporary-realism
383,works-on-paper173,minimalism
384,painting565,contemporary-realism
385,works-on-paper1229,conceptual-art
386,works-on-paper1490,conceptual-art
387,works-on-paper1296,minimalism
388,works-on-paper1396,conceptual-art
389,prints834,conceptual-art
390,works-on-paper340,minimalism
391,prints1128,conceptual-art
392,painting1207,minimalism
393,prints30,contemporary
394,prints650,conceptual-art
395,painting811,light-and-space
396,painting1213,contemporary
397,painting840,conceptual-art
398,prints1151,contemporary-realism
399,prints1043,contemporary
400,prints1259,minimalism
401,works-on-paper1028,minimalism
402,prints35,post-minimalism
403,painting1053,minimalism
404,prints307,minimalism
405,prints1499,neo-pop-art
406,prints1382,conceptual-art
407,works-on-paper1146,conceptual-art
408,prints1482,conceptual-art
409,prints1496,conceptual-art
410,works-on-paper1059,contemporary-realism
411,works-on-paper702,conceptual-art
412,works-on-paper1063,neo-pop-art
413,prints1193,street-art
414,works-on-paper941,minimalism
415,prints693,conceptual-art
416,prints1110,neo-pop-art
417,prints1452,minimalism
418,prints424,neo-pop-art
419,painting931,neo-pop-art
420,works-on-paper31,minimalism
421,works-on-paper1393,conceptual-art
422,works-on-paper751,contemporary-realism
423,painting153,minimalism
424,prints323,minimalism
425,works-on-paper537,post-minimalism
426,prints1325,new-european-painting
427,prints705,minimalism
428,painting1011,contemporary-realism
429,works-on-paper460,minimalism
430,prints256,post-minimalism
431,prints903,contemporary
432,works-on-paper813,contemporary-realism
433,painting560,post-minimalism
434,prints566,street-art
435,prints1123,conceptual-art
436,prints825,post-minimalism
437,works-on-paper1239,conceptual-art
438,painting916,contemporary-realism
439,prints148,contemporary
440,works-on-paper649,minimalism
441,prints443,conceptual-art
442,prints490,conceptual-art
443,works-on-paper1404,contemporary-realism
444,prints526,transavantgarde
445,painting699,conceptual-art
446,painting1225,contemporary-realism
447,prints1107,conceptual-art
448,prints325,contemporary-realism
449,prints1454,minimalism
450,painting326,minimalism
451,prints1219,conceptual-art
452,works-on-paper1411,new-european-painting
453,prints274,contemporary-realism
454,prints275,neo-pop-art
455,works-on-paper866,conceptual-art
456,painting723,conceptual-art
457,works-on-paper1249,conceptual-art
458,prints865,contemporary
459,prints761,contemporary
460,prints373,conceptual-art
461,prints1099,new-european-painting
462,prints1001,conceptual-art
463,prints270,post-minimalism
464,prints472,minimalism
465,prints522,minimalism
466,works-on-paper1121,contemporary-realism
467,prints243,conceptual-art
468,works-on-paper403,conceptual-art
469,prints485,conceptual-art
470,prints189,contemporary-realism
471,prints1472,minimalism
472,works-on-paper1267,conceptual-art
473,prints824,contemporary
474,works-on-paper709,conceptual-art
475,works-on-paper882,minimalism
476,prints119,contemporary-realism
477,painting347,post-minimalism
478,works-on-paper24,minimalism
479,prints746,minimalism
480,prints1023,light-and-space
481,prints388,contemporary
482,painting736,conceptual-art
483,prints1493,contemporary
484,prints1234,contemporary
485,prints1434,conceptual-art
486,prints669,contemporary
487,prints1252,contemporary-realism
488,prints919,conceptual-art
489,painting469,street-art
490,works-on-paper557,street-art
491,works-on-paper1301,street-art
492,painting1062,contemporary-realism
493,works-on-paper102,post-minimalism
494,works-on-paper786,minimalism
495,prints654,contemporary
496,works-on-paper29,neo-pop-art
497,prints1430,conceptual-art
498,works-on-paper53,contemporary
499,works-on-paper935,contemporary
500,prints1121,contemporary-realism
501,works-on-paper1475,contemporary
502,works-on-paper1268,post-minimalism
503,works-on-paper916,contemporary-realism
504,works-on-paper513,contemporary
505,prints643,conceptual-art
506,prints612,conceptual-art
507,works-on-paper990,conceptual-art
508,prints512,contemporary-realism
509,prints1082,minimalism
510,works-on-paper1375,conceptual-art
511,works-on-paper833,post-minimalism
512,painting551,conceptual-art
513,works-on-paper138,conceptual-art
514,painting91,contemporary-realism
515,prints160,post-minimalism
516,works-on-paper957,contemporary
517,prints955,minimalism
518,prints992,contemporary-realism
519,prints418,contemporary-realism
520,painting172,conceptual-art
521,prints1478,minimalism
522,works-on-paper1389,minimalism
523,painting100,street-art
524,works-on-paper1455,minimalism
525,prints1248,neo-pop-art
526,prints1139,contemporary
527,works-on-paper744,contemporary-realism
528,works-on-paper385,transavantgarde
529,prints128,conceptual-art
530,prints1191,photorealism
531,prints1009,contemporary
532,painting851,minimalism
533,prints1306,minimalism
534,prints100,contemporary-realism
535,prints662,conceptual-art
536,works-on-paper421,minimalism
537,works-on-paper1450,minimalism
538,works-on-paper332,minimalism
539,prints54,minimalism
540,prints238,street-art
541,works-on-paper1431,contemporary-realism
542,prints538,minimalism
543,prints1411,light-and-space
544,painting1183,street-art
545,painting1045,neo-pop-art
546,prints1362,neo-pop-art
547,prints539,contemporary-realism
548,prints982,contemporary-realism
549,prints304,minimalism
550,works-on-paper208,post-minimalism
551,works-on-paper750,minimalism
552,prints1057,contemporary-realism
553,prints376,conceptual-art
554,works-on-paper1303,light-and-space
555,prints199,contemporary
556,painting716,conceptual-art
557,prints937,conceptual-art
558,works-on-paper207,conceptual-art
559,prints1178,conceptual-art
560,prints1254,minimalism
561,works-on-paper312,street-art
562,works-on-paper1414,minimalism
563,prints707,conceptual-art
564,works-on-paper628,minimalism
565,prints759,minimalism
566,prints430,contemporary
567,prints1387,minimalism
568,prints881,contemporary
569,prints273,contemporary
570,prints331,contemporary-realism
571,works-on-paper596,minimalism
572,prints1147,post-minimalism
573,prints1233,conceptual-art
574,prints1473,minimalism
575,painting455,contemporary
576,works-on-paper626,conceptual-art
577,prints1236,contemporary
578,prints61,neo-pop-art
579,prints1216,conceptual-art
580,prints758,minimalism
581,prints1484,photorealism
582,prints1215,minimalism
583,prints1105,conceptual-art
584,prints941,contemporary-realism
585,works-on-paper608,new-european-painting
586,prints404,conceptual-art
587,works-on-paper591,minimalism
588,works-on-paper1096,minimalism
589,prints724,post-minimalism
590,prints1315,contemporary
591,painting474,contemporary-realism
592,prints140,conceptual-art
593,works-on-paper1041,contemporary
594,prints734,contemporary
595,prints659,conceptual-art
596,painting871,minimalism
597,works-on-paper1259,minimalism
598,prints1046,minimalism
599,works-on-paper1261,conceptual-art
600,works-on-paper1314,conceptual-art
601,prints529,minimalism
602,works-on-paper654,contemporary-realism
603,prints11,post-minimalism
604,painting548,contemporary-realism
605,works-on-paper536,neo-pop-art
606,prints1468,minimalism
607,works-on-paper1353,conceptual-art
608,prints629,post-minimalism
609,prints459,contemporary
610,works-on-paper55,minimalism
611,prints1443,conceptual-art
612,prints1267,contemporary
613,painting52,minimalism
614,prints835,contemporary
615,prints633,light-and-space
616,prints311,minimalism
617,prints205,contemporary-realism
618,works-on-paper831,conceptual-art
619,works-on-paper26,minimalism
620,prints1029,minimalism
621,prints915,contemporary
622,prints749,contemporary
623,prints236,conceptual-art
624,prints454,street-art
625,prints1300,conceptual-art
626,prints1309,minimalism
627,prints109,minimalism
628,works-on-paper1115,post-minimalism
629,prints1088,conceptual-art
630,prints652,conceptual-art
631,painting1083,street-art
632,prints694,contemporary
633,works-on-paper187,conceptual-art
634,painting298,contemporary
635,prints442,contemporary-realism
636,painting1427,contemporary
637,painting1057,conceptual-art
638,painting183,contemporary
639,prints607,minimalism
640,prints896,contemporary
641,prints1030,contemporary
642,prints1084,contemporary-realism
643,works-on-paper1197,contemporary-realism
644,painting260,contemporary
645,prints692,street-art
646,prints837,minimalism
647,painting1414,street-art
648,prints27,new-european-painting
649,prints877,transavantgarde
650,prints1186,light-and-space
651,prints99,conceptual-art
652,prints223,minimalism
653,prints1048,minimalism
654,prints321,conceptual-art
655,prints670,post-minimalism
656,prints841,neo-pop-art
657,works-on-paper1248,neo-pop-art
658,works-on-paper620,post-minimalism
659,prints1470,minimalism
660,prints1104,neo-pop-art
661,prints1442,conceptual-art
662,prints630,minimalism
663,works-on-paper918,post-minimalism
664,painting628,conceptual-art
665,works-on-paper824,contemporary-realism
666,works-on-paper47,street-art
667,prints1063,conceptual-art
668,works-on-paper542,minimalism
669,painting1208,street-art
670,works-on-paper178,minimalism
671,painting317,minimalism
672,painting1258,conceptual-art
673,works-on-paper585,contemporary
674,prints163,minimalism
675,prints732,minimalism
676,prints298,contemporary
677,prints319,contemporary
678,prints324,contemporary
679,works-on-paper969,contemporary-realism
680,works-on-paper250,street-art
681,prints1253,minimalism
682,prints682,contemporary
683,prints82,conceptual-art
684,works-on-paper600,contemporary
685,works-on-paper592,conceptual-art
686,painting127,post-minimalism
687,prints203,contemporary
688,works-on-paper967,street-art
689,works-on-paper23,minimalism
690,painting377,minimalism
691,prints444,street-art
692,prints827,contemporary
693,works-on-paper999,contemporary-realism
694,works-on-paper653,minimalism
695,works-on-paper1176,conceptual-art
696,works-on-paper748,contemporary-realism
697,prints1460,street-art
698,painting1282,contemporary-realism
699,prints803,conceptual-art
700,prints292,contemporary
701,prints719,minimalism
702,painting177,contemporary-realism
703,prints563,contemporary-realism
704,works-on-paper32,minimalism
705,painting745,conceptual-art
706,prints1276,neo-pop-art
707,works-on-paper1191,minimalism
708,works-on-paper1474,contemporary
709,prints712,conceptual-art
710,prints1308,conceptual-art
711,prints843,street-art
712,prints1487,minimalism
713,prints1218,minimalism
714,works-on-paper985,minimalism
715,works-on-paper162,minimalism
716,works-on-paper468,conceptual-art
717,works-on-paper354,street-art
718,prints40,minimalism
719,works-on-paper481,conceptual-art
720,prints1067,minimalism
721,works-on-paper976,neo-pop-art
722,works-on-paper878,minimalism
723,prints1092,contemporary
724,works-on-paper736,conceptual-art
725,works-on-paper868,contemporary-realism
726,prints686,conceptual-art
727,prints1297,conceptual-art
728,painting342,street-art
729,prints1106,contemporary
730,prints116,neo-pop-art
731,painting665,minimalism
732,works-on-paper295,contemporary-realism
733,prints1134,minimalism
734,prints961,contemporary
735,painting1334,street-art
736,painting291,contemporary-realism
737,painting271,conceptual-art
738,prints648,conceptual-art
739,painting247,contemporary-realism
740,painting1361,contemporary-realism
741,prints1425,conceptual-art
742,works-on-paper940,street-art
743,prints753,conceptual-art
744,painting1245,contemporary-realism
745,works-on-paper489,contemporary
746,prints833,post-minimalism
747,painting133,contemporary-realism
748,prints718,contemporary
749,works-on-paper757,post-minimalism
750,prints240,contemporary-realism
751,prints1284,conceptual-art
752,painting896,minimalism
753,prints1327,conceptual-art
754,prints871,contemporary-realism
755,works-on-paper150,minimalism
756,prints263,minimalism
757,painting1369,photorealism
758,works-on-paper351,contemporary
759,works-on-paper112,conceptual-art
760,prints721,minimalism
761,works-on-paper610,contemporary-realism
762,painting104,minimalism
763,painting77,conceptual-art
764,works-on-paper1091,contemporary-realism
765,prints130,conceptual-art
766,prints861,conceptual-art
767,works-on-paper627,contemporary
768,works-on-paper682,photorealism
769,painting1148,contemporary-realism
770,works-on-paper1379,minimalism
771,works-on-paper551,conceptual-art
772,prints316,contemporary
773,prints357,minimalism
774,works-on-paper794,minimalism
775,prints960,contemporary-realism
776,painting744,post-minimalism
777,prints294,contemporary
778,painting1306,contemporary-realism
779,painting1394,neo-pop-art
780,works-on-paper407,conceptual-art
781,prints70,contemporary
782,works-on-paper870,contemporary
783,prints453,contemporary
784,painting1035,conceptual-art
785,prints1074,minimalism
786,works-on-paper155,minimalism
787,painting775,conceptual-art
788,painting439,minimalism
789,prints683,conceptual-art
790,painting709,contemporary
791,works-on-paper181,minimalism
792,prints785,conceptual-art
793,works-on-paper1116,minimalism
794,prints1474,minimalism
795,prints974,conceptual-art
796,prints308,conceptual-art
797,prints1078,minimalism
798,prints913,contemporary-realism
799,painting1112,contemporary
800,works-on-paper383,conceptual-art
801,prints1058,minimalism
802,prints748,contemporary-realism
803,painting1238,minimalism
804,painting370,post-minimalism
805,works-on-paper837,conceptual-art
806,painting98,post-minimalism
807,prints96,contemporary
808,prints879,minimalism
809,painting1010,contemporary
810,works-on-paper1079,contemporary-realism
811,prints859,post-minimalism
812,prints977,post-minimalism
813,painting790,contemporary
814,prints933,post-minimalism
815,prints4,minimalism
816,prints1265,minimalism
817,prints252,contemporary
818,prints432,minimalism
819,works-on-paper835,neo-pop-art
820,works-on-paper260,post-minimalism
821,painting762,contemporary-realism
822,works-on-paper1331,minimalism
823,prints1485,new-european-painting
824,prints1274,conceptual-art
825,painting636,new-european-painting
826,prints107,conceptual-art
827,prints413,conceptual-art
828,painting168,contemporary-realism
829,prints1479,minimalism
830,painting904,contemporary-realism
831,works-on-paper911,minimalism
832,prints645,conceptual-art
833,works-on-paper1439,conceptual-art
834,works-on-paper475,contemporary-realism
835,prints1021,conceptual-art
836,works-on-paper680,street-art
837,painting86,street-art
838,prints1393,conceptual-art
839,works-on-paper14,post-minimalism
840,painting1041,conceptual-art
841,works-on-paper965,post-minimalism
842,prints1328,contemporary
843,prints535,conceptual-art
844,works-on-paper1449,conceptual-art
845,prints558,contemporary
846,prints950,conceptual-art
847,works-on-paper509,minimalism
848,prints64,minimalism
849,painting1363,conceptual-art
850,prints312,contemporary
851,works-on-paper239,conceptual-art
852,prints544,conceptual-art
853,works-on-paper637,minimalism
854,prints1457,minimalism
855,painting1335,minimalism
856,works-on-paper625,conceptual-art
857,prints125,light-and-space
858,works-on-paper1198,street-art
859,prints471,conceptual-art
860,painting837,conceptual-art
861,painting199,contemporary
862,prints198,contemporary
863,prints478,contemporary
864,works-on-paper284,conceptual-art
865,works-on-paper767,conceptual-art
866,painting274,conceptual-art
867,prints845,contemporary
868,painting1422,street-art
869,prints1101,minimalism
870,prints1246,conceptual-art
871,prints708,street-art
872,prints1311,contemporary-realism
873,works-on-paper1323,minimalism
874,prints592,conceptual-art
875,prints326,minimalism
876,works-on-paper679,post-minimalism
877,prints1024,minimalism
878,prints1020,street-art
879,works-on-paper710,conceptual-art
880,works-on-paper668,new-european-painting
881,prints722,minimalism
882,works-on-paper643,conceptual-art
883,works-on-paper1271,post-minimalism
884,works-on-paper932,minimalism
885,prints1076,light-and-space
886,prints632,conceptual-art
887,works-on-paper1265,conceptual-art
888,works-on-paper1195,conceptual-art
889,works-on-paper578,contemporary-realism
890,works-on-paper1285,minimalism
891,prints571,conceptual-art
892,painting1426,street-art
893,prints69,minimalism
894,works-on-paper390,conceptual-art
895,works-on-paper914,minimalism
896,painting1249,contemporary
897,painting1304,conceptual-art
898,painting160,contemporary
899,prints247,conceptual-art
900,prints906,conceptual-art
901,painting626,post-minimalism
902,works-on-paper688,minimalism
903,prints137,conceptual-art
904,prints1475,conceptual-art
905,works-on-paper1030,contemporary
906,prints1224,contemporary
907,prints905,conceptual-art
908,prints1015,minimalism
909,prints573,contemporary
910,works-on-paper977,new-european-painting
911,works-on-paper96,conceptual-art
912,prints1397,conceptual-art
913,prints1396,minimalism
914,prints315,neo-pop-art
915,prints60,conceptual-art
916,prints1056,street-art
917,works-on-paper37,conceptual-art
918,prints863,contemporary-realism
919,prints31,conceptual-art
920,prints890,neo-pop-art
921,prints826,street-art
922,works-on-paper222,minimalism
923,prints1089,conceptual-art
924,prints674,conceptual-art
925,works-on-paper1366,neo-pop-art
926,prints277,new-european-painting
927,prints703,contemporary
928,painting429,conceptual-art
929,painting789,conceptual-art
930,works-on-paper915,conceptual-art
931,prints1489,transavantgarde
932,works-on-paper1256,minimalism
933,painting731,post-minimalism
934,prints528,street-art
935,prints1319,contemporary-realism
936,works-on-paper236,minimalism
937,works-on-paper746,minimalism
938,works-on-paper18,conceptual-art
939,works-on-paper584,contemporary
940,works-on-paper1110,contemporary
941,works-on-paper842,minimalism
942,painting570,conceptual-art
943,prints661,post-minimalism
944,painting1131,contemporary
945,works-on-paper1372,minimalism
946,prints1321,minimalism
947,prints531,contemporary-realism
948,painting802,minimalism
949,prints32,post-minimalism
950,prints946,conceptual-art
951,prints502,minimalism
952,painting461,contemporary-realism
953,prints1097,contemporary-realism
954,prints1304,contemporary-realism
955,works-on-paper1429,minimalism
956,works-on-paper619,street-art
957,prints888,contemporary
958,painting65,conceptual-art
959,works-on-paper365,minimalism
960,painting1050,minimalism
961,painting720,street-art
962,prints720,contemporary-realism
963,works-on-paper480,contemporary-realism
964,prints1035,neo-pop-art
965,painting37,minimalism
966,prints1384,street-art
967,works-on-paper983,minimalism
968,prints1202,street-art
969,prints651,contemporary
970,prints700,conceptual-art
971,prints1296,minimalism
972,prints166,conceptual-art
973,prints1143,street-art
974,prints1497,conceptual-art
975,painting556,minimalism
976,works-on-paper371,contemporary-realism
977,prints932,post-minimalism
978,prints1247,post-minimalism
979,painting434,contemporary-realism
980,prints322,minimalism
981,works-on-paper1407,contemporary-realism
982,prints297,neo-pop-art
983,prints883,light-and-space
984,prints503,minimalism
985,prints991,minimalism
986,prints640,minimalism
987,works-on-paper1307,street-art
988,prints486,conceptual-art
989,prints496,post-minimalism
990,prints6,conceptual-art
991,photography1288,minimalism
992,mixed-media267,minimalism
993,design1215,street-art
994,prints595,conceptual-art
995,photography165,minimalism
996,photography1340,contemporary-realism
997,photography485,conceptual-art
998,sculpture1046,contemporary-realism
999,mixed-media1484,contemporary-realism
1000,sculpture1094,conceptual-art
1001,sculpture201,conceptual-art
1002,mixed-media1307,minimalism
1003,design469,post-minimalism
1004,design1379,contemporary-realism
1005,design81,contemporary-realism
1006,design169,conceptual-art
1007,design1127,conceptual-art
1008,photography12,contemporary
1009,photography408,minimalism
1010,photography1357,minimalism
1011,photography740,conceptual-art
1012,mixed-media926,contemporary-realism
1013,photography293,photorealism
1014,prints1214,minimalism
1015,photography986,contemporary
1016,photography208,conceptual-art
1017,sculpture424,minimalism
1018,photography1329,minimalism
1019,mixed-media1120,conceptual-art
1020,mixed-media928,contemporary
1021,design491,post-minimalism
1022,sculpture945,minimalism
1023,mixed-media176,contemporary
1024,design961,conceptual-art
1025,photography540,conceptual-art
1026,design320,minimalism
1027,design776,photorealism
1028,design68,minimalism
1029,prints1238,contemporary-realism
1030,design512,minimalism
1031,design270,minimalism
1032,sculpture1207,minimalism
1033,sculpture780,contemporary-realism
1034,sculpture822,conceptual-art
1035,sculpture1342,contemporary-realism
1036,design1377,minimalism
1037,photography76,minimalism
1038,mixed-media453,minimalism
1039,mixed-media1194,contemporary
1040,photography1373,contemporary-realism
1041,design856,post-minimalism
1042,design564,conceptual-art
1043,photography141,contemporary-realism
1044,mixed-media264,contemporary
1045,photography937,conceptual-art
1046,prints1006,contemporary-realism
1047,mixed-media118,minimalism
1048,photography685,post-minimalism
1049,photography214,contemporary
1050,design842,conceptual-art
1051,sculpture1440,minimalism
1052,prints965,conceptual-art
1053,design4,post-minimalism
1054,design17,contemporary
1055,sculpture411,contemporary-realism
1056,photography856,conceptual-art
1057,design573,minimalism
1058,photography981,new-european-painting
1059,sculpture1483,post-minimalism
1060,sculpture487,conceptual-art
1061,photography753,conceptual-art
1062,mixed-media275,conceptual-art
1063,design178,contemporary
1064,photography891,minimalism
1065,sculpture645,minimalism
1066,sculpture622,contemporary
1067,prints1,minimalism
1068,mixed-media1324,contemporary-realism
1069,mixed-media910,neo-pop-art
1070,photography867,conceptual-art
1071,sculpture643,photorealism
1072,prints1158,conceptual-art
1073,photography694,neo-pop-art
1074,design1201,conceptual-art
1075,photography681,contemporary
1076,prints1364,conceptual-art
1077,sculpture1003,minimalism
1078,sculpture1155,minimalism
1079,sculpture957,conceptual-art
1080,design91,contemporary
1081,mixed-media869,contemporary-realism
1082,mixed-media1418,street-art
1083,photography1278,minimalism
1084,design632,minimalism
1085,sculpture151,contemporary-realism
1086,mixed-media77,neo-pop-art
1087,photography530,conceptual-art
1088,sculpture1444,contemporary-realism
1089,mixed-media299,contemporary
1090,mixed-media796,contemporary-realism
1091,design190,conceptual-art
1092,photography43,minimalism
1093,mixed-media1172,contemporary
1094,mixed-media1471,minimalism
1095,mixed-media1208,street-art
1096,photography401,contemporary-realism
1097,mixed-media860,conceptual-art
1098,prints742,conceptual-art
1099,photography123,conceptual-art
1100,photography1366,conceptual-art
1101,mixed-media177,minimalism
1102,sculpture1166,conceptual-art
1103,mixed-media376,minimalism
1104,mixed-media674,contemporary
1105,design1284,photorealism
1106,photography1002,contemporary-realism
1107,prints1171,contemporary-realism
1108,mixed-media1240,light-and-space
1109,design815,conceptual-art
1110,sculpture1051,minimalism
1111,photography1112,minimalism
1112,mixed-media722,post-minimalism
1113,prints146,contemporary
1114,design90,minimalism
1115,photography697,contemporary
1116,prints1207,minimalism
1117,mixed-media772,contemporary
1118,sculpture888,conceptual-art
1119,photography371,contemporary-realism
1120,sculpture439,conceptual-art
1121,sculpture343,street-art
1122,mixed-media1297,neo-pop-art
1123,design1440,contemporary
1124,sculpture625,post-minimalism
1125,photography1038,post-minimalism
1126,photography857,photorealism
1127,photography234,conceptual-art
1128,sculpture835,post-minimalism
1129,mixed-media123,conceptual-art
1130,design1285,contemporary
1131,photography1005,contemporary-realism
1132,photography569,minimalism
1133,design884,street-art
1134,sculpture425,conceptual-art
1135,sculpture1382,contemporary
1136,prints1007,transavantgarde
1137,sculpture426,conceptual-art
1138,photography600,conceptual-art
1139,design586,conceptual-art
1140,design917,minimalism
1141,photography376,conceptual-art
1142,sculpture841,contemporary
1143,prints153,contemporary-realism
1144,photography1149,conceptual-art
1145,prints187,contemporary
1146,design390,conceptual-art
1147,prints1211,conceptual-art
1148,photography1173,minimalism
1149,photography1247,conceptual-art
1150,mixed-media760,post-minimalism
1151,sculpture847,conceptual-art
1152,mixed-media370,post-minimalism
1153,photography1391,minimalism
1154,mixed-media1125,contemporary-realism
1155,sculpture190,post-minimalism
1156,photography551,contemporary-realism
1157,photography1066,contemporary-realism
1158,sculpture1170,neo-pop-art
1159,prints541,conceptual-art
1160,sculpture415,post-minimalism
1161,photography744,photorealism
1162,photography739,contemporary
1163,prints1359,minimalism
1164,mixed-media608,minimalism
1165,design1008,post-minimalism
1166,prints546,transavantgarde
1167,design1115,conceptual-art
1168,design92,transavantgarde
1169,sculpture319,minimalism
1170,sculpture686,minimalism
1171,mixed-media687,conceptual-art
1172,sculpture329,contemporary-realism
1173,design158,conceptual-art
1174,photography854,light-and-space
1175,mixed-media851,post-minimalism
1176,mixed-media1101,contemporary-realism
1177,prints1004,conceptual-art
1178,mixed-media1301,contemporary-realism
1179,prints51,minimalism
1180,design1436,conceptual-art
1181,photography595,conceptual-art
1182,sculpture335,conceptual-art
1183,prints56,conceptual-art
1184,prints1177,minimalism
1185,photography1375,conceptual-art
1186,photography1054,minimalism
1187,prints1173,conceptual-art
1188,sculpture357,contemporary
1189,photography583,transavantgarde
1190,sculpture1300,minimalism
1191,photography1442,contemporary-realism
1192,sculpture1347,conceptual-art
1193,design372,conceptual-art
1194,design329,post-minimalism
1195,design1488,minimalism
1196,mixed-media1150,contemporary
1197,mixed-media1168,conceptual-art
1198,sculpture367,minimalism
1199,sculpture1099,post-minimalism
1200,photography424,contemporary-realism
1201,mixed-media455,contemporary
1202,design302,contemporary-realism
1203,sculpture22,minimalism
1204,sculpture3,conceptual-art
1205,mixed-media768,neo-pop-art
1206,prints958,minimalism
1207,prints594,conceptual-art
1208,sculpture1490,conceptual-art
1209,mixed-media1142,neo-pop-art
1210,mixed-media1373,contemporary
1211,mixed-media73,conceptual-art
1212,prints966,post-minimalism
1213,design1411,conceptual-art
1214,mixed-media1110,contemporary
1215,prints352,photorealism
1216,prints1401,conceptual-art
1217,photography641,conceptual-art
1218,mixed-media804,new-european-painting
1219,prints625,post-minimalism
1220,design43,conceptual-art
1221,design1054,conceptual-art
1222,sculpture1289,contemporary
1223,mixed-media927,neo-pop-art
1224,sculpture16,minimalism
1225,mixed-media1293,minimalism
1226,design439,neo-pop-art
1227,mixed-media1276,street-art
1228,prints387,minimalism
1229,sculpture739,conceptual-art
1230,sculpture453,new-european-painting
1231,photography288,contemporary-realism
1232,mixed-media1387,minimalism
1233,sculpture893,minimalism
1234,photography1296,contemporary-realism
1235,photography715,post-minimalism
1236,mixed-media1046,conceptual-art
1237,design25,minimalism
1238,photography1382,contemporary
1239,sculpture598,conceptual-art
1240,photography1194,contemporary-realism
1241,design1084,contemporary-realism
1242,design204,contemporary
1243,sculpture1422,minimalism
1244,sculpture1389,contemporary
1245,sculpture1216,conceptual-art
1246,mixed-media1452,contemporary
1247,sculpture815,contemporary
1248,photography988,minimalism
1249,sculpture1431,conceptual-art
1250,prints1417,conceptual-art
1251,design56,conceptual-art
1252,prints1403,conceptual-art
1253,photography895,contemporary-realism
1254,sculpture302,minimalism
1255,photography185,conceptual-art
1256,sculpture1275,light-and-space
1257,mixed-media436,contemporary-realism
1258,photography398,post-minimalism
1259,sculpture1,minimalism
1260,design1146,conceptual-art
1261,sculpture1149,conceptual-art
1262,mixed-media553,street-art
1263,photography1315,conceptual-art
1264,photography796,street-art
1265,sculpture101,post-minimalism
1266,mixed-media964,street-art
1267,photography151,street-art
1268,photography396,minimalism
1269,design1099,conceptual-art
1270,prints1011,contemporary-realism
1271,sculpture620,contemporary
1272,photography446,contemporary
1273,photography1082,contemporary-realism
1274,photography210,conceptual-art
1275,photography1383,conceptual-art
1276,sculpture569,conceptual-art
1277,prints45,minimalism
1278,photography1189,contemporary-realism
1279,mixed-media1064,conceptual-art
1280,design37,post-minimalism
1281,photography434,contemporary
1282,mixed-media1066,contemporary
1283,photography410,contemporary
1284,sculpture1419,contemporary-realism
1285,sculpture673,light-and-space
1286,mixed-media524,contemporary-realism
1287,photography538,conceptual-art
1288,design520,conceptual-art
1289,photography458,conceptual-art
1290,photography269,minimalism
1291,photography128,neo-pop-art
1292,design1132,conceptual-art
1293,photography1367,contemporary
1294,photography152,post-minimalism
1295,design761,light-and-space
1296,prints555,street-art
1297,sculpture446,contemporary
1298,photography281,minimalism
1299,design1453,minimalism
1300,prints757,minimalism
1301,mixed-media1264,minimalism
1302,design1043,conceptual-art
1303,sculpture583,minimalism
1304,design1336,contemporary
1305,sculpture578,contemporary-realism
1306,mixed-media1340,contemporary
1307,sculpture1211,minimalism
1308,photography703,contemporary
1309,mixed-media266,contemporary-realism
1310,design644,contemporary-realism
1311,photography881,conceptual-art
1312,sculpture941,contemporary-realism
1313,sculpture558,minimalism
1314,photography191,conceptual-art
1315,sculpture915,minimalism
1316,prints621,minimalism
1317,mixed-media1374,contemporary
1318,sculpture194,minimalism
1319,mixed-media819,conceptual-art
1320,mixed-media115,conceptual-art
1321,photography1126,minimalism
1322,design316,minimalism
1323,design1214,minimalism
1324,design1116,post-minimalism
1325,photography131,conceptual-art
1326,mixed-media829,post-minimalism
1327,prints1414,neo-pop-art
1328,sculpture1397,minimalism
1329,design1418,conceptual-art
1330,mixed-media64,conceptual-art
1331,sculpture698,conceptual-art
1332,sculpture1370,minimalism
1333,prints754,contemporary
1334,mixed-media640,contemporary
1335,sculpture635,minimalism
1336,prints967,minimalism
1337,prints1165,contemporary
1338,design901,post-minimalism
1339,prints999,contemporary
1340,sculpture716,minimalism
1341,mixed-media673,neo-pop-art
1342,mixed-media716,conceptual-art
1343,design502,conceptual-art
1344,sculpture671,contemporary
1345,photography1420,conceptual-art
1346,sculpture485,post-minimalism
1347,design1278,contemporary-realism
1348,design133,conceptual-art
1349,mixed-media1339,contemporary-realism
1350,mixed-media86,contemporary-realism
1351,photography190,neo-pop-art
1352,mixed-media1097,contemporary
1353,photography391,minimalism
1354,mixed-media791,contemporary
1355,mixed-media504,post-minimalism
1356,photography521,minimalism
1357,sculpture434,conceptual-art
1358,photography1103,conceptual-art
1359,photography546,minimalism
1360,design866,minimalism
1361,mixed-media831,neo-pop-art
1362,photography486,contemporary-realism
1363,mixed-media1429,contemporary
1364,photography350,contemporary
1365,prints964,conceptual-art
1366,mixed-media740,street-art
1367,mixed-media1226,contemporary
1368,mixed-media1235,neo-pop-art
1369,mixed-media1450,new-european-painting
1370,photography844,contemporary-realism
1371,photography992,contemporary-realism
1372,design368,street-art
1373,design719,minimalism
1374,prints1415,conceptual-art
1375,sculpture283,contemporary
1376,prints1348,contemporary-realism
1377,sculpture526,contemporary
1378,photography1405,post-minimalism
1379,sculpture997,conceptual-art
1380,design122,post-minimalism
1381,design280,minimalism
1382,photography750,contemporary
1383,mixed-media870,minimalism
1384,photography1295,conceptual-art
1385,design941,post-minimalism
1386,mixed-media1380,contemporary
1387,photography1427,contemporary-realism
1388,sculpture313,minimalism
1389,prints971,conceptual-art
1390,prints46,minimalism
1391,mixed-media872,post-minimalism
1392,design380,conceptual-art
1393,photography1017,minimalism
1394,mixed-media901,contemporary-realism
1395,prints225,contemporary-realism
1396,design983,contemporary
1397,photography1434,minimalism
1398,photography474,conceptual-art
1399,mixed-media480,neo-pop-art
1400,sculpture1408,contemporary
1401,photography749,contemporary-realism
1402,mixed-media1447,contemporary
1403,photography1077,contemporary-realism
1404,sculpture538,contemporary
1405,photography387,contemporary-realism
1406,mixed-media486,minimalism
1407,sculpture551,contemporary
1408,sculpture719,minimalism
1409,design945,minimalism
1410,photography737,contemporary-realism
1411,photography767,minimalism
1412,sculpture1278,conceptual-art
1413,photography482,contemporary-realism
1414,sculpture561,light-and-space
1415,photography1206,new-european-painting
1416,mixed-media259,street-art
1417,photography969,conceptual-art
1418,mixed-media1199,contemporary-realism
1419,sculpture1496,minimalism
1420,design2,contemporary
1421,sculpture789,post-minimalism
1422,sculpture427,contemporary-realism
1423,photography360,contemporary
1424,photography315,conceptual-art
1425,design838,neo-pop-art
1426,mixed-media676,conceptual-art
1427,photography1342,contemporary-realism
1428,prints1412,conceptual-art
1429,photography394,minimalism
1430,prints151,contemporary-realism
1431,photography1102,contemporary
1432,mixed-media1437,contemporary-realism
1433,design1026,contemporary
1434,sculpture382,post-minimalism
1435,mixed-media175,contemporary-realism
1436,photography1174,neo-pop-art
1437,photography609,conceptual-art
1438,photography1133,street-art
1439,sculpture437,post-minimalism
1440,mixed-media1000,contemporary-realism
1441,photography893,minimalism
1442,mixed-media704,conceptual-art
1443,prints422,conceptual-art
1444,design276,post-minimalism
1445,photography432,conceptual-art
1446,design972,post-minimalism
1447,sculpture1078,post-minimalism
1448,photography1121,post-minimalism
1449,photography142,conceptual-art
1450,mixed-media685,contemporary
1451,design218,conceptual-art
1452,mixed-media251,conceptual-art
1453,design724,minimalism
1454,photography1118,conceptual-art
1455,sculpture521,contemporary-realism
1456,prints1367,contemporary-realism
1457,sculpture846,conceptual-art
1458,prints755,minimalism
1459,mixed-media1196,conceptual-art
1460,mixed-media1312,contemporary
1461,prints79,minimalism
1462,photography324,minimalism
1463,sculpture779,minimalism
1464,sculpture1484,conceptual-art
1465,sculpture585,neo-pop-art
1466,photography1213,street-art
1467,prints218,contemporary
1468,sculpture947,post-minimalism
1469,design347,post-minimalism
1470,sculpture1031,minimalism
1471,design1172,conceptual-art
1472,design707,post-minimalism
1473,prints795,contemporary
1474,sculpture1392,minimalism
1475,photography222,conceptual-art
1476,mixed-media200,minimalism
1477,sculpture400,post-minimalism
1478,design312,post-minimalism
1479,sculpture1218,post-minimalism
1480,sculpture29,new-european-painting
1481,sculpture657,conceptual-art
1482,photography691,contemporary-realism
1483,photography255,neo-pop-art
1484,design216,contemporary-realism
1485,mixed-media787,contemporary
1486,sculpture766,conceptual-art
1487,sculpture736,contemporary-realism
1488,sculpture1224,minimalism
1489,design547,contemporary
1490,photography1359,contemporary-realism
1491,photography38,contemporary-realism
1492,mixed-media1171,neo-pop-art
1493,mixed-media711,street-art
1494,photography459,street-art
1495,prints812,conceptual-art
1496,photography1412,minimalism
1497,design123,contemporary
1498,mixed-media930,minimalism
1499,photography574,post-minimalism
1500,design1361,contemporary
1501,design319,conceptual-art
1502,photography1310,contemporary
1503,sculpture1451,minimalism
1504,prints1166,contemporary-realism
1505,mixed-media1077,contemporary-realism
1506,mixed-media1433,new-european-painting
1507,prints608,conceptual-art
1508,mixed-media1476,contemporary-realism
1509,photography734,contemporary
1510,prints1358,conceptual-art
1511,photography575,contemporary-realism
1512,photography592,new-european-painting
1513,design651,neo-pop-art
1514,design174,new-european-painting
1515,mixed-media1250,minimalism
1516,design77,contemporary-realism
1517,prints1373,conceptual-art
1518,photography761,minimalism
1519,mixed-media491,conceptual-art
1520,sculpture1056,minimalism
1521,photography1338,conceptual-art
1522,prints233,minimalism
1523,mixed-media500,contemporary-realism
1524,photography1455,contemporary
1525,prints92,minimalism
1526,sculpture1344,minimalism
1527,prints143,post-minimalism
1528,sculpture528,contemporary-realism
1529,mixed-media1166,contemporary
1530,prints1429,street-art
1531,photography78,contemporary-realism
1532,prints179,street-art
1533,photography558,contemporary-realism
1534,mixed-media931,contemporary
1535,design1449,contemporary
1536,prints421,minimalism
1537,photography1228,photorealism
1538,sculpture507,post-minimalism
1539,mixed-media802,post-minimalism
1540,design563,contemporary
1541,photography1127,contemporary-realism
1542,design879,minimalism
1543,sculpture786,minimalism
1544,prints423,contemporary
1545,design173,neo-pop-art
1546,sculpture990,minimalism
1547,sculpture814,post-minimalism
1548,mixed-media225,contemporary-realism
1549,sculpture128,post-minimalism
1550,photography1339,post-minimalism
1551,prints234,post-minimalism
1552,prints341,conceptual-art
1553,photography1371,contemporary-realism
1554,design1432,conceptual-art
1555,photography1413,new-european-painting
1556,mixed-media767,minimalism
1557,mixed-media281,conceptual-art
1558,design1032,minimalism
1559,design538,conceptual-art
1560,photography1023,contemporary
1561,mixed-media670,contemporary
1562,design48,post-minimalism
1563,sculpture333,post-minimalism
1564,sculpture1110,minimalism
1565,sculpture809,post-minimalism
1566,mixed-media386,conceptual-art
1567,prints344,conceptual-art
1568,prints224,minimalism
1569,mixed-media1242,contemporary-realism
1570,photography1350,contemporary-realism
1571,photography695,minimalism
1572,sculpture1195,post-minimalism
1573,sculpture15,contemporary-realism
1574,photography1152,minimalism
1575,mixed-media1201,post-minimalism
1576,mixed-media1463,conceptual-art
1577,sculpture1346,conceptual-art
1578,photography471,conceptual-art
1579,photography846,post-minimalism
1580,mixed-media1490,neo-pop-art
1581,mixed-media230,contemporary
1582,prints1172,minimalism
1583,design455,conceptual-art
1584,prints1416,contemporary
1585,design737,conceptual-art
1586,sculpture1330,contemporary-realism
1587,mixed-media630,contemporary
1588,sculpture649,street-art
1589,photography418,light-and-space
1590,sculpture1458,post-minimalism
1591,prints227,conceptual-art
1592,prints208,conceptual-art
1593,photography129,conceptual-art
1594,sculpture1241,contemporary
1595,photography629,contemporary-realism
1596,design447,conceptual-art
1597,sculpture1021,contemporary-realism
1598,mixed-media1404,conceptual-art
1599,sculpture749,conceptual-art
1600,prints596,conceptual-art
1601,design1213,minimalism
1602,sculpture223,minimalism
1603,photography599,contemporary-realism
1604,photography912,contemporary-realism
1605,mixed-media1146,conceptual-art
1606,photography370,new-european-painting
1607,photography362,conceptual-art
1608,sculpture1178,contemporary-realism
1609,design7,minimalism
1610,design348,minimalism
1611,design577,minimalism
1612,mixed-media1206,contemporary-realism
1613,photography611,conceptual-art
1614,photography1195,conceptual-art
1615,photography1144,minimalism
1616,sculpture838,post-minimalism
1617,photography826,contemporary
1618,sculpture143,minimalism
1619,sculpture1356,conceptual-art
1620,prints582,contemporary
1621,photography270,contemporary
1622,sculpture435,conceptual-art
1623,mixed-media1095,contemporary-realism
1624,prints408,neo-pop-art
1625,photography262,minimalism
1626,design662,contemporary
1627,photography254,conceptual-art
1628,photography898,minimalism
1629,sculpture1497,post-minimalism
1630,photography428,new-european-painting
1631,photography832,minimalism
1632,mixed-media1151,contemporary-realism
1633,photography616,contemporary-realism
1634,design490,post-minimalism
1635,photography447,minimalism
1636,photography1201,contemporary-realism
1637,photography1360,photorealism
1638,mixed-media1034,minimalism
1639,photography1436,contemporary
1640,photography951,contemporary
1641,sculpture594,photorealism
1642,mixed-media1079,transavantgarde
1643,sculpture1285,contemporary-realism
1644,mixed-media48,minimalism
1645,design41,conceptual-art
1646,prints1170,minimalism
1647,sculpture648,conceptual-art
1648,design653,post-minimalism
1649,mixed-media616,minimalism
1650,photography622,minimalism
1651,sculpture554,post-minimalism
1652,photography673,conceptual-art
1653,mixed-media1445,contemporary-realism
1654,design292,light-and-space
1655,design405,minimalism
1656,photography1421,conceptual-art
1657,mixed-media959,conceptual-art
1658,prints1402,post-minimalism
1659,mixed-media617,new-european-painting
1660,photography454,conceptual-art
1661,sculpture502,contemporary-realism
1662,design1333,contemporary
1663,design201,conceptual-art
1664,photography1306,conceptual-art
1665,mixed-media312,post-minimalism
1666,photography701,conceptual-art
1667,design418,minimalism
1668,design948,contemporary
1669,sculpture1282,conceptual-art
1670,design982,minimalism
1671,mixed-media628,neo-pop-art
1672,photography232,post-minimalism
1673,mixed-media654,neo-pop-art
1674,design1139,contemporary-realism
1675,photography619,minimalism
1676,mixed-media601,contemporary
1677,photography984,contemporary-realism
1678,mixed-media700,transavantgarde
1679,design416,contemporary
1680,photography1004,contemporary-realism
1681,prints436,street-art
1682,mixed-media657,photorealism
1683,photography1300,conceptual-art
1684,photography884,minimalism
1685,mixed-media781,conceptual-art
1686,prints1372,neo-pop-art
1687,photography296,minimalism
1688,photography543,conceptual-art
1689,sculpture1303,contemporary-realism
1690,design237,minimalism
1691,photography1009,minimalism
1692,photography1116,conceptual-art
1693,photography900,conceptual-art
1694,sculpture503,photorealism
1695,mixed-media950,street-art
1696,mixed-media71,post-minimalism
1697,design704,contemporary
1698,mixed-media1182,transavantgarde
1699,photography361,minimalism
1700,photography380,transavantgarde
1701,design1101,conceptual-art
1702,sculpture154,contemporary
1703,sculpture761,post-minimalism
1704,prints768,conceptual-art
1705,design21,conceptual-art
1706,photography602,contemporary
1707,design1259,minimalism
1708,photography909,contemporary
1709,sculpture700,minimalism
1710,sculpture804,contemporary-realism
1711,photography194,conceptual-art
1712,photography1457,contemporary-realism
1713,prints786,minimalism
1714,prints1286,conceptual-art
1715,works-on-paper338,conceptual-art
1716,painting337,contemporary
1717,works-on-paper817,minimalism
1718,prints429,post-minimalism
1719,prints1349,contemporary
1720,prints63,minimalism
1721,painting934,contemporary-realism
1722,prints1237,street-art
1723,prints1073,contemporary-realism
1724,prints1116,light-and-space
1725,works-on-paper107,minimalism
1726,painting752,post-minimalism
1727,works-on-paper1047,minimalism
1728,prints736,contemporary
1729,works-on-paper1057,contemporary-realism
1730,prints320,contemporary
1731,works-on-paper44,minimalism
1732,works-on-paper1361,neo-pop-art
1733,painting764,minimalism
1734,prints880,neo-pop-art
1735,prints641,conceptual-art
1736,prints20,minimalism
1737,works-on-paper859,conceptual-art
1738,painting804,contemporary
1739,works-on-paper1228,conceptual-art
1740,works-on-paper609,post-minimalism
1741,prints181,conceptual-art
1742,prints381,post-minimalism
1743,works-on-paper982,contemporary
1744,prints289,conceptual-art
1745,prints866,conceptual-art
1746,prints715,post-minimalism
1747,prints1187,contemporary-realism
1748,prints963,conceptual-art
1749,works-on-paper25,contemporary-realism
1750,works-on-paper773,post-minimalism
1751,prints930,minimalism
1752,prints1250,post-minimalism
1753,works-on-paper353,minimalism
1754,prints728,conceptual-art
1755,prints278,contemporary-realism
1756,prints1044,conceptual-art
1757,works-on-paper550,minimalism
1758,prints1138,minimalism
1759,prints1379,contemporary
1760,painting1233,contemporary-realism
1761,prints106,conceptual-art
1762,prints829,conceptual-art
1763,painting366,minimalism
1764,painting1356,minimalism
1765,works-on-paper1212,minimalism
1766,works-on-paper1080,light-and-space
1767,painting1296,minimalism
1768,prints791,minimalism
1769,works-on-paper253,contemporary
1770,prints416,minimalism
1771,prints201,conceptual-art
1772,prints438,neo-pop-art
1773,prints211,contemporary
1774,painting140,minimalism
1775,prints1312,conceptual-art
1776,works-on-paper499,contemporary-realism
1777,prints927,minimalism
1778,prints1376,contemporary
1779,works-on-paper1231,minimalism
1780,prints892,post-minimalism
1781,prints551,photorealism
1782,prints197,contemporary
1783,painting833,minimalism
1784,prints567,contemporary-realism
1785,works-on-paper420,conceptual-art
1786,prints1034,conceptual-art
1787,works-on-paper1272,contemporary
1788,works-on-paper373,conceptual-art
1789,works-on-paper952,conceptual-art
1790,painting1253,conceptual-art
1791,prints1119,neo-pop-art
1792,works-on-paper1206,contemporary-realism
1793,prints717,photorealism
1794,works-on-paper279,minimalism
1795,works-on-paper809,minimalism
1796,prints1168,minimalism
1797,prints1420,conceptual-art
1798,works-on-paper8,post-minimalism
1799,works-on-paper1170,contemporary-realism
1800,prints832,conceptual-art
1801,works-on-paper925,photorealism
1802,works-on-paper1002,post-minimalism
1803,painting1358,contemporary-realism
1804,prints1018,conceptual-art
1805,painting300,new-european-painting
1806,prints456,post-minimalism
1807,prints696,neo-pop-art
1808,works-on-paper88,contemporary-realism
1809,painting380,post-minimalism
1810,prints938,contemporary
1811,prints968,post-minimalism
1812,works-on-paper454,contemporary-realism
1813,prints940,contemporary
1814,painting534,contemporary-realism
1815,prints562,conceptual-art
1816,prints314,minimalism
1817,prints969,conceptual-art
1818,prints1298,conceptual-art
1819,prints1175,conceptual-art
1820,prints1126,street-art
1821,painting1435,minimalism
1822,painting1328,contemporary-realism
1823,works-on-paper565,contemporary-realism
1824,prints1065,post-minimalism
1825,prints1385,contemporary
1826,prints1080,contemporary-realism
1827,prints1356,minimalism
1828,prints1223,conceptual-art
1829,painting947,contemporary-realism
1830,works-on-paper461,minimalism
1831,prints1130,contemporary-realism
1832,painting986,conceptual-art
1833,prints545,minimalism
1834,prints688,new-european-painting
1835,works-on-paper1143,contemporary-realism
1836,prints1036,minimalism
1837,prints697,contemporary
1838,works-on-paper944,conceptual-art
1839,prints1486,conceptual-art
1840,prints48,neo-pop-art
1841,painting479,new-european-painting
1842,prints1488,contemporary
1843,prints560,contemporary
1844,prints117,transavantgarde
1845,works-on-paper664,conceptual-art
1846,prints815,minimalism
1847,works-on-paper168,conceptual-art
1848,painting1093,conceptual-art
1849,painting41,contemporary-realism
1850,prints1426,contemporary
1851,prints13,conceptual-art
1852,prints1049,conceptual-art
1853,prints1338,contemporary
1854,works-on-paper1451,contemporary-realism
1855,painting854,post-minimalism
1856,painting1251,contemporary-realism
1857,prints55,new-european-painting
1858,painting356,conceptual-art
1859,works-on-paper737,minimalism
1860,prints506,conceptual-art
1861,painting1289,minimalism
1862,works-on-paper408,minimalism
1863,prints699,contemporary-realism
1864,painting627,contemporary
1865,prints162,street-art
1866,prints821,minimalism
1867,prints709,new-european-painting
1868,works-on-paper1335,minimalism
1869,prints775,minimalism
1870,works-on-paper1334,minimalism
1871,prints1260,contemporary-realism
1872,works-on-paper415,contemporary-realism
1873,works-on-paper673,minimalism
1874,works-on-paper331,contemporary-realism
1875,prints474,post-minimalism
1876,prints587,minimalism
1877,works-on-paper749,minimalism
1878,painting682,light-and-space
1879,prints864,conceptual-art
1880,works-on-paper430,minimalism
1881,prints854,conceptual-art
1882,works-on-paper979,minimalism
1883,prints469,contemporary-realism
1884,prints579,street-art
1885,prints1275,contemporary-realism
1886,painting651,minimalism
1887,works-on-paper1071,conceptual-art
1888,prints951,minimalism
1889,prints23,street-art
1890,prints468,minimalism
1891,prints1310,contemporary-realism
1892,prints610,conceptual-art
1893,prints284,conceptual-art
1894,works-on-paper1003,minimalism
1895,prints1334,minimalism
1896,painting707,conceptual-art
1897,works-on-paper1162,contemporary
1898,prints1174,minimalism
1899,painting921,street-art
1900,painting208,conceptual-art
1901,painting1195,contemporary-realism
1902,works-on-paper33,post-minimalism
1903,painting693,neo-pop-art
1904,painting1376,street-art
1905,painting672,minimalism
1906,prints616,conceptual-art
1907,prints738,minimalism
1908,prints1273,conceptual-art
1909,works-on-paper576,conceptual-art
1910,painting117,contemporary-realism
1911,prints1185,post-minimalism
1912,prints987,post-minimalism
1913,works-on-paper1,conceptual-art
1914,works-on-paper1325,conceptual-art
1915,prints774,post-minimalism
1916,prints858,conceptual-art
1917,prints1343,minimalism
1918,works-on-paper99,conceptual-art
1919,prints570,conceptual-art
1920,works-on-paper705,conceptual-art
1921,works-on-paper950,conceptual-art
1922,prints216,contemporary
1923,works-on-paper1381,contemporary
1924,prints1132,conceptual-art
1925,painting1391,contemporary-realism
1926,prints1413,contemporary-realism
1927,works-on-paper527,conceptual-art
1928,prints1353,post-minimalism
1929,prints450,conceptual-art
1930,works-on-paper1380,contemporary
1931,prints1462,conceptual-art
1932,painting1396,conceptual-art
1933,works-on-paper1037,minimalism
1934,prints67,conceptual-art
1935,prints747,post-minimalism
1936,painting493,minimalism
1937,prints500,contemporary
1938,works-on-paper230,minimalism
1939,works-on-paper716,conceptual-art
1940,painting15,post-minimalism
1941,painting293,contemporary
1942,prints1292,conceptual-art
1943,prints287,contemporary-realism
1944,prints1094,minimalism
1945,painting1202,contemporary
1946,painting228,neo-pop-art
1947,works-on-paper1085,post-minimalism
1948,works-on-paper267,minimalism
1949,works-on-paper888,post-minimalism
1950,works-on-paper849,neo-pop-art
1951,prints465,minimalism
1952,works-on-paper873,minimalism
1953,prints894,conceptual-art
1954,works-on-paper740,minimalism
1955,works-on-paper1163,minimalism
1956,painting1438,contemporary
1957,painting621,street-art
1958,works-on-paper1077,conceptual-art
1959,works-on-paper231,minimalism
1960,prints28,minimalism
1961,painting710,street-art
1962,prints1085,conceptual-art
1963,prints1408,neo-pop-art
1964,prints1303,post-minimalism
1965,prints149,contemporary
1966,painting218,contemporary-realism
1967,works-on-paper1289,minimalism
1968,sculpture416,conceptual-art
1969,mixed-media1212,neo-pop-art
1970,sculpture225,minimalism
1971,photography133,transavantgarde
1972,photography1197,conceptual-art
1973,photography187,conceptual-art
1974,mixed-media145,conceptual-art
1975,photography1172,contemporary-realism
1976,mixed-media430,contemporary-realism
1977,design597,conceptual-art
1978,design929,contemporary-realism
1979,prints52,conceptual-art
1980,sculpture962,minimalism
1981,photography1214,contemporary
1982,design1481,post-minimalism
1983,design781,minimalism
1984,photography468,conceptual-art
1985,sculpture706,contemporary
1986,sculpture973,minimalism
1987,sculpture950,post-minimalism
1988,mixed-media1080,post-minimalism
1989,photography525,conceptual-art
1990,photography438,post-minimalism
1991,photography1269,contemporary
1992,photography1101,contemporary-realism
1993,sculpture1473,post-minimalism
1994,design740,conceptual-art
1995,design343,contemporary
1996,sculpture264,conceptual-art
1997,design940,post-minimalism
1998,photography1158,minimalism
1999,photography700,contemporary-realism
2000,design550,neo-pop-art
2001,sculpture1081,street-art
2002,sculpture1089,post-minimalism
2003,mixed-media423,minimalism
2004,mixed-media1093,street-art
2005,design860,conceptual-art
2006,mixed-media387,street-art
2007,sculpture1281,post-minimalism
2008,photography1124,contemporary-realism
2009,prints1370,conceptual-art
2010,sculpture173,post-minimalism
2011,design854,minimalism
2012,prints1010,neo-pop-art
2013,mixed-media1092,contemporary-realism
2014,mixed-media871,minimalism
2015,sculpture390,minimalism
2016,design375,post-minimalism
2017,prints1406,minimalism
2018,sculpture233,minimalism
2019,photography464,contemporary
2020,prints1039,contemporary-realism
2021,mixed-media62,post-minimalism
2022,photography858,contemporary
2023,photography1426,conceptual-art
2024,photography1409,conceptual-art
2025,mixed-media128,street-art
2026,prints1013,minimalism
2027,design969,minimalism
2028,photography1220,minimalism
2029,mixed-media1254,conceptual-art
2030,prints554,contemporary
2031,photography712,conceptual-art
2032,mixed-media1288,light-and-space
2033,photography479,contemporary-realism
2034,design1289,minimalism
2035,photography341,minimalism
2036,mixed-media1089,contemporary-realism
2037,design1217,conceptual-art
2038,mixed-media728,transavantgarde
2039,mixed-media1393,street-art
2040,mixed-media840,contemporary
2041,mixed-media732,conceptual-art
2042,design224,contemporary
2043,sculpture907,contemporary-realism
2044,prints540,contemporary-realism
2045,photography1349,minimalism
2046,sculpture743,conceptual-art
2047,sculpture999,minimalism
2048,sculpture801,minimalism
2049,mixed-media1130,minimalism
2050,photography377,conceptual-art
2051,sculpture1332,contemporary-realism
2052,sculpture46,post-minimalism
2053,sculpture600,post-minimalism
2054,mixed-media1174,contemporary
2055,sculpture1279,contemporary-realism
2056,photography436,neo-pop-art
2057,photography1224,minimalism
2058,sculpture1374,contemporary
2059,design186,minimalism
2060,photography426,contemporary-realism
2061,design634,conceptual-art
2062,mixed-media977,neo-pop-art
2063,prints3,street-art
2064,sculpture1427,contemporary-realism
2065,prints1189,conceptual-art
2066,prints1360,post-minimalism
2067,photography1257,post-minimalism
2068,design1337,minimalism
2069,design1454,conceptual-art
2070,photography966,conceptual-art
2071,mixed-media158,conceptual-art
2072,photography659,minimalism
2073,photography478,transavantgarde
2074,design281,new-european-painting
2075,mixed-media868,minimalism
2076,photography45,post-minimalism
2077,photography17,conceptual-art
2078,prints591,minimalism
2079,mixed-media1377,conceptual-art
2080,prints355,street-art
2081,prints220,street-art
2082,design1269,minimalism
2083,mixed-media1111,contemporary
2084,sculpture370,contemporary
2085,sculpture1366,post-minimalism
2086,design181,conceptual-art
2087,sculpture518,conceptual-art
2088,sculpture1500,post-minimalism
2089,prints804,contemporary
2090,design1028,conceptual-art
2091,sculpture1267,post-minimalism
2092,mixed-media465,contemporary-realism
2093,mixed-media420,contemporary
2094,photography1364,contemporary-realism
2095,sculpture654,post-minimalism
2096,prints1164,conceptual-art
2097,mixed-media627,contemporary-realism
2098,photography1406,contemporary-realism
2099,mixed-media736,contemporary-realism
2100,photography285,contemporary-realism
2101,photography1365,conceptual-art
2102,mixed-media815,minimalism
2103,sculpture859,conceptual-art
2104,sculpture1173,minimalism
2105,photography219,conceptual-art
2106,photography1160,post-minimalism
2107,photography1083,conceptual-art
2108,photography384,minimalism
2109,mixed-media1076,new-european-painting
2110,mixed-media807,light-and-space
2111,design763,contemporary-realism
2112,design1300,contemporary-realism
2113,design1463,minimalism
2114,photography880,contemporary
2115,photography1096,contemporary
2116,sculpture1428,minimalism
2117,design179,post-minimalism
2118,sculpture498,contemporary-realism
2119,photography624,conceptual-art
2120,mixed-media1141,conceptual-art
2121,photography1440,conceptual-art
2122,photography683,contemporary
2123,mixed-media751,post-minimalism
2124,design636,post-minimalism
2125,photography1263,contemporary
2126,mixed-media1379,neo-pop-art
2127,design1061,conceptual-art
2128,design820,contemporary
2129,mixed-media723,neo-pop-art
2130,photography823,minimalism
2131,sculpture1135,minimalism
2132,mixed-media495,contemporary
2133,prints409,conceptual-art
2134,sculpture172,minimalism
2135,mixed-media243,conceptual-art
2136,design985,street-art
2137,sculpture1100,post-minimalism
2138,mixed-media843,street-art
2139,sculpture1489,minimalism
2140,design943,neo-pop-art
2141,sculpture1052,contemporary
2142,photography614,contemporary
2143,sculpture724,conceptual-art
2144,design403,conceptual-art
2145,design86,contemporary
2146,mixed-media1005,contemporary
2147,prints345,contemporary
2148,design335,conceptual-art
2149,mixed-media437,conceptual-art
2150,sculpture737,contemporary
2151,photography963,minimalism
2152,design477,conceptual-art
2153,prints353,contemporary-realism
2154,prints1163,minimalism
2155,prints1205,minimalism
2156,sculpture1147,minimalism
2157,prints393,contemporary
2158,design920,contemporary
2159,design1016,minimalism
2160,design609,contemporary
2161,design132,conceptual-art
2162,design1391,minimalism
2163,sculpture410,conceptual-art
2164,photography877,minimalism
2165,prints1365,conceptual-art
2166,sculpture396,post-minimalism
2167,prints811,conceptual-art
2168,design248,new-european-painting
2169,sculpture516,conceptual-art
2170,mixed-media1343,conceptual-art
2171,mixed-media573,contemporary
2172,photography1254,conceptual-art
2173,prints1428,post-minimalism
2174,photography1279,contemporary
2175,photography1467,minimalism
2176,mixed-media1248,conceptual-art
2177,prints553,contemporary
2178,mixed-media405,contemporary-realism
2179,photography420,minimalism
2180,sculpture1417,conceptual-art
2181,sculpture958,photorealism
2182,design649,contemporary
2183,sculpture243,conceptual-art
2184,prints543,minimalism
2185,sculpture1388,minimalism
2186,mixed-media254,minimalism
2187,photography1453,contemporary-realism
2188,design211,contemporary
2189,prints740,neo-pop-art
2190,photography580,photorealism
2191,mixed-media1050,contemporary
2192,mixed-media968,contemporary
2193,photography421,conceptual-art
2194,design759,post-minimalism
2195,prints1239,conceptual-art
2196,mixed-media774,contemporary
2197,prints802,street-art
2198,sculpture1361,post-minimalism
2199,photography1095,conceptual-art
2200,sculpture636,contemporary
2201,prints590,conceptual-art
2202,design801,contemporary-realism
2203,design531,contemporary-realism
2204,mixed-media1308,contemporary
2205,mixed-media600,neo-pop-art
2206,photography1007,contemporary-realism
2207,mixed-media1038,contemporary-realism
2208,prints232,conceptual-art
2209,design1138,contemporary
2210,mixed-media466,street-art
2211,sculpture709,neo-pop-art
2212,mixed-media533,contemporary-realism
2213,photography461,conceptual-art
2214,mixed-media1003,minimalism
2215,design1467,post-minimalism
2216,mixed-media72,neo-pop-art
2217,sculpture495,minimalism
2218,design710,post-minimalism
2219,sculpture447,contemporary
2220,prints42,post-minimalism
2221,mixed-media1121,contemporary-realism
2222,design756,post-minimalism
2223,sculpture963,minimalism
2224,design221,minimalism
2225,photography638,contemporary
2226,mixed-media886,contemporary
2227,prints178,conceptual-art
2228,photography1150,minimalism
2229,prints351,conceptual-art
2230,photography1424,contemporary
2231,mixed-media942,neo-pop-art
2232,design693,contemporary-realism
2233,photography225,post-minimalism
2234,mixed-media520,minimalism
2235,sculpture1186,post-minimalism
2236,prints1038,minimalism
2237,design381,photorealism
2238,mixed-media1128,contemporary-realism
2239,photography1181,post-minimalism
2240,design473,conceptual-art
2241,photography1439,contemporary
2242,mixed-media1026,contemporary
2243,design1,minimalism
2244,design60,minimalism
2245,photography353,contemporary-realism
2246,photography868,conceptual-art
2247,mixed-media91,minimalism
2248,photography882,street-art
2249,mixed-media1133,post-minimalism
2250,photography1323,contemporary
2251,photography1182,contemporary-realism
2252,photography716,contemporary-realism
2253,prints1176,contemporary
2254,mixed-media1173,neo-pop-art
2255,design215,contemporary
2256,sculpture1142,contemporary-realism
2257,sculpture1013,minimalism
2258,photography731,conceptual-art
2259,photography834,minimalism
2260,photography1284,contemporary
2261,prints91,conceptual-art
2262,mixed-media986,conceptual-art
2263,photography1370,post-minimalism
2264,prints95,minimalism
2265,sculpture32,contemporary
2266,photography509,conceptual-art
2267,mixed-media662,conceptual-art
2268,mixed-media836,neo-pop-art
2269,design1182,conceptual-art
2270,photography1334,contemporary-realism
2271,photography549,conceptual-art
2272,sculpture1125,minimalism
2273,photography985,minimalism
2274,prints988,contemporary-realism
2275,photography385,conceptual-art
2276,design868,post-minimalism
2277,mixed-media866,street-art
2278,design483,street-art
2279,prints745,minimalism
2280,photography572,contemporary
2281,sculpture1139,minimalism
2282,mixed-media1428,contemporary-realism
2283,sculpture1146,contemporary
2284,mixed-media766,contemporary-realism
2285,prints221,contemporary
2286,sculpture1232,post-minimalism
2287,sculpture589,contemporary-realism
2288,photography705,contemporary
2289,design768,conceptual-art
2290,design638,minimalism
2291,design881,post-minimalism
2292,mixed-media1345,contemporary
2293,prints750,minimalism
2294,prints792,minimalism
2295,prints44,conceptual-art
2296,photography1067,minimalism
2297,design1085,street-art
2298,photography1176,contemporary
2299,design275,minimalism
2300,prints1374,neo-pop-art
2301,design1092,light-and-space
2302,mixed-media1178,minimalism
2303,mixed-media1161,contemporary-realism
2304,sculpture529,contemporary
2305,photography13,post-minimalism
2306,mixed-media1336,minimalism
2307,mixed-media531,minimalism
2308,design69,post-minimalism
2309,mixed-media559,neo-pop-art
2310,prints185,conceptual-art
2311,prints783,minimalism
2312,photography320,contemporary-realism
2313,mixed-media915,contemporary-realism
2314,photography1130,conceptual-art
2315,mixed-media659,conceptual-art
2316,mixed-media363,contemporary-realism
2317,sculpture1049,conceptual-art
2318,mixed-media146,conceptual-art
2319,mixed-media1323,post-minimalism
2320,sculpture728,post-minimalism
2321,mixed-media779,neo-pop-art
2322,prints1159,contemporary
2323,photography467,contemporary
2324,photography164,contemporary
2325,mixed-media638,minimalism
2326,sculpture616,conceptual-art
2327,photography1403,conceptual-art
2328,sculpture1395,contemporary
2329,sculpture11,contemporary-realism
2330,sculpture934,minimalism
2331,photography1159,neo-pop-art
2332,sculpture98,conceptual-art
2333,mixed-media1300,conceptual-art
2334,design20,post-minimalism
2335,sculpture771,contemporary
2336,photography704,contemporary-realism
2337,photography1129,conceptual-art
2338,prints226,conceptual-art
2339,photography904,conceptual-art
2340,photography1462,contemporary
2341,photography906,contemporary
2342,mixed-media1359,minimalism
2343,mixed-media689,contemporary
2344,photography1183,post-minimalism
2345,photography845,contemporary
2346,prints385,contemporary-realism
2347,photography1277,conceptual-art
2348,design22,conceptual-art
2349,design1058,conceptual-art
2350,photography489,transavantgarde
2351,sculpture1243,contemporary
2352,mixed-media919,minimalism
2353,design903,contemporary-realism
2354,photography519,conceptual-art
2355,photography933,conceptual-art
2356,sculpture1420,minimalism
2357,design892,minimalism
2358,mixed-media317,conceptual-art
2359,sculpture576,post-minimalism
2360,photography1151,neo-pop-art
2361,mixed-media103,contemporary-realism
2362,design51,minimalism
2363,prints973,neo-pop-art
2364,mixed-media361,neo-pop-art
2365,mixed-media1294,conceptual-art
2366,mixed-media380,contemporary-realism
2367,sculpture450,minimalism
2368,photography144,contemporary
2369,mixed-media1237,contemporary-realism
2370,photography182,new-european-painting
2371,photography491,contemporary-realism
2372,prints796,conceptual-art
2373,mixed-media418,contemporary
2374,photography787,minimalism
2375,photography1438,conceptual-art
2376,design1362,minimalism
2377,mixed-media761,contemporary
2378,mixed-media1382,contemporary-realism
2379,design1292,contemporary
2380,design527,contemporary
2381,design226,street-art
2382,sculpture584,light-and-space
2383,design422,contemporary
2384,sculpture334,street-art
2385,design619,street-art
2386,photography1318,neo-pop-art
2387,mixed-media850,conceptual-art
2388,photography802,minimalism
2389,design654,conceptual-art
2390,sculpture318,minimalism
2391,prints781,new-european-painting
2392,photography1274,post-minimalism
2393,photography1456,contemporary-realism
2394,photography238,post-minimalism
2395,design476,conceptual-art
2396,photography1275,minimalism
2397,design296,contemporary
2398,photography292,minimalism
2399,sculpture876,contemporary
2400,design1006,minimalism
2401,sculpture433,contemporary
2402,prints1366,street-art
2403,mixed-media1192,street-art
2404,prints1371,minimalism
2405,sculpture1083,conceptual-art
2406,photography1180,conceptual-art
2407,photography923,contemporary-realism
2408,design1105,contemporary
2409,photography807,post-minimalism
2410,photography584,contemporary
2411,design1142,post-minimalism
2412,sculpture235,minimalism
2413,photography843,conceptual-art
2414,photography1244,transavantgarde
2415,photography28,photorealism
2416,sculpture694,post-minimalism
2417,sculpture821,post-minimalism
2418,photography1431,contemporary-realism
2419,mixed-media506,conceptual-art
2420,design1169,conceptual-art
2421,design414,conceptual-art
2422,design230,post-minimalism
2423,mixed-media227,minimalism
2424,sculpture605,minimalism
2425,photography93,contemporary-realism
2426,sculpture1250,minimalism
2427,design1064,post-minimalism
2428,prints386,transavantgarde
2429,photography1225,new-european-painting
2430,prints391,conceptual-art
2431,mixed-media556,conceptual-art
2432,sculpture1169,conceptual-art
2433,mixed-media1132,contemporary
2434,photography457,neo-pop-art
2435,photography236,minimalism
2436,mixed-media1200,street-art
2437,prints779,contemporary-realism
2438,sculpture2,post-minimalism
2439,mixed-media554,post-minimalism
2440,sculpture874,post-minimalism
2441,photography560,conceptual-art
2442,sculpture509,post-minimalism
2443,photography57,minimalism
2444,sculpture1495,minimalism
2445,mixed-media1238,conceptual-art
2446,sculpture501,minimalism
2447,design149,contemporary-realism
2448,prints839,contemporary
2449,sculpture862,minimalism
2450,prints585,minimalism
2451,sculpture1462,minimalism
2452,sculpture563,contemporary-realism
2453,mixed-media1353,contemporary-realism
2454,photography1464,contemporary
2455,design521,photorealism
2456,photography656,contemporary-realism
2457,photography351,contemporary-realism
2458,sculpture392,light-and-space
2459,design409,conceptual-art
2460,photography1049,contemporary-realism
2461,prints369,post-minimalism
2462,design294,post-minimalism
2463,mixed-media1470,contemporary-realism
2464,photography393,conceptual-art
2465,photography1043,contemporary-realism
2466,mixed-media911,new-european-painting
2467,mixed-media384,street-art
2468,mixed-media1480,light-and-space
2469,sculpture726,contemporary-realism
2470,mixed-media887,minimalism
2471,sculpture959,conceptual-art
2472,photography302,contemporary-realism
2473,sculpture1084,minimalism
2474,sculpture149,post-minimalism
2475,sculpture473,contemporary-realism
2476,design1256,minimalism
2477,design991,conceptual-art
2478,design592,contemporary
2479,design31,contemporary-realism
2480,mixed-media494,contemporary
2481,photography1347,neo-pop-art
