,artist_names
0,Ricky Cohete
1,Silvana Soriano
2,John Van Alstine
3,Jimmy Nelson
4,Aurora Molina
5,Randal Ford
6,Andy Warhol
7,Hunter & Gatti
8,Franck de las Mercedes
9,Javier Rey
10,Eric Dever
11,Kyriakos Kaziras
12,Thomas Ruff
13,Andrea Bonfils
14,Naomi White
15,Pablo Picasso
16,Leslie Sheryll
17,Formento & Formento
18,Mel Ramos
19,Ann Purcell
20,Joan Miro
21,Christos J. Palios
22,Salvador Dali
23,Caroline Christie
24,Roy Ahlgren
25,Khotan Fernandez
26,Dan Christensen
27,Josef Albers
28,Tyler Shields
29,David Yarrow
30,Manuel Santelices
31,Walter Darby Bannard
32,David Shrigley
33,Guilherme Licurgo
34,Miguel Winograd
35,Peter Andrew Lusztyk
36,Uwe Ommer
37,Andrew Prokos
38,Magda von Hanau
39,Terry O'Neill
40,KAWS
41,Md Tokon
42,Horst P. Horst
43,Kyong Lee
44,Natasha Zupan
45,Mauricio Velez
46,David Burdeny
47,Chad Kleitsch
48,Markus Klinko
49,Arslan Sukan
50,Rick Lewis
51,Jose Sierra
52,Alice de Kruijs
53,Raymond Hendler
54,Margaret Morrison
55,Dimitri Likissas
56,Robert Indiana
57,Hunt Slonem
58,Stanley Boxer
59,Damien Hirst
60,Alex Hodge
61,Linling Lu
62,Clara Fialho
63,Angelica Tcherassi
64,Dora Franco
65,Susan Breen
66,Larry Zox
67,James Lewin
68,Isabelle van Zeijl
69,Jane Waterous
70,Pierre Muckensturm
71,Dmitri Wright
72,Frederick J. Brown
73,Koray Erkaya
74,Jorge Mendez Blake
75,Paloma Castello
76,Syd Solomon
77,James Walsh
78,Won Lee
79,Kyle Andrew Szpyrka
80,Mira Schendel
81,Paul Snell
82,Armando de la Garza
83,Luca Artioli
84,Michael Knigin
85,Anthony James
86,Alex Katz
87,Billy Ma
88,Francesca Piqueras
89,Margaret Roleke
90,Peter Max
91,Mr. Brainwash
92,Marc Lagrange
93,Frank Wimberley
94,Celso Jose Castro Daza
95,AKET
96,Rodrigo Spinel
97,Nikolaos Schizas
98,Mark Jackson
99,Jeff Koons
100,Gabriel Rico
101,Susan Woldman
102,John Opper
103,Alice Zilberberg
104,Seb Janiak
105,Martin Reyna
106,Charo Oquet
107,Cecilia Arrospide
108,Erro
109,Lowell Nesbitt
110,Matt Siren
111,Macha Poynder
112,William Perehudoff
113,Paul Manes
114,Ana Seggiaro
115,Konstantin Bokov
116,Silvia Yapur
117,Keith Haring
118,Matt Mullican
119,Roberto Matta
120,Alexander Calder
121,Jill Nathanson
122,Troy House
123,Laura Marsh
124,Mario Rossi
125,Daniel Gottin
126,Mark Kostabi
127,Jill Baroff
128,Martin Kline
129,Katika
130,Liz Leggett
131,Stephen Pace
132,Roberto Fonfria
133,Shepard Fairey
134,James Rosenquist
135,Charlotte Park
136,Joel Urruty
137,Deborah Bigeleisen
138,Albert Llobet Portell
139,Lea Bon
140,Ken Greenleaf
141,Edward Zutrau
142,Michael James O’Brien
143,Shine Huang
144,Vicky Martin
145,Demis Martinelli
146,Xan Padron
147,Jessica Stockholder
148,Sophie Calle
149,Yari Ostovany
150,Carroll Dunham
151,Marc Chagall
152,Matthieu Venot
153,John Goodyear
154,Gerald Williams
155,David Jay
156,Mabelin Castellanos
157,Margaret Ann Withers
158,Jitka Hanzlova
159,Risaburo Kimura
160,Rosana Machado Rodriguez
161,Deborah Kass
162,Sylvie Blum
163,Terry Winters
164,Bruno Munari
165,Andrew Rucklidge
166,Jacquelyn Thunfors
167,Kathleen Hope
168,Kyohei Inukai
169,Monika Bravo
170,Stefano Ogliari Badessi
171,Stefana McClure
172,Max Steven Grossman
173,Daniel Arsham
174,Alan Johnston
175,JeeYoung Lee
176,Adrienn Krahl
177,Sarah J. & Sally A. Edwards
178,Ramon Santiago
179,Casey Waterman
180,Daru
181,Carol Erb
182,Natalia Schonowski
183,David Hockney
184,Wolf Kahn
185,Richard Anuszkiewicz
186,Donald Sultan
187,Theo Tobiasse
188,Chen Fei
189,Joannis Avramidis
190,Arvid Boecker
191,Robert Rauschenberg
192,Peter Doig
193,Antoni Tapies
194,Dana Gordon
195,Olivier Valsecchi
196,Perle Fine
197,Alain Laboile
198,Sunday B. Morning
199,Manuela Karin Knaut
200,Alec Franco
201,Sergio Bazan
202,Tony Tasset
203,Scott Reeder
204,Lakshmi Mohanbabu
205,Anthea Missy
206,Richard Caldicott
207,Paola Pivi
208,Joanne Freeman
209,Debra Ramsay
210,Bernhard Lang
211,Devin Miles
212,Ulla Pedersen
213,Susan Vecsey
214,Rae Johnson
215,Tiago Mestre
216,Mary Dill Henry
217,Juan Pablo Castro
218,Zoltan Gerliczki
219,Stylianos Schicho
220,Betty Merken
221,Albert Stadler
222,Edward Avedisian
223,Ray Mead
224,Jean-Philippe Delhomme
225,Santiago Medina
226,Francisco Larios
227,Susan Schwalb
228,Arman
229,Ray Parker
230,Luuk de Haan
231,Elizabeth Gourlay
232,Holly Miller
233,Tracey Adams
234,Stephen Maine
235,Laura Newman
236,Kiki Kogelnik
237,Elena Monzo
238,Peterson Kamwathi
239,Don Frost
240,Irene Nelson
241,Mikael Kenta
242,Nanette Carter
243,Elizabeth Osborne
244,Laetitia Adam-Rabel
245,Giulia Ronchetti
246,Sven Pfrommer
247,Silvia Trappa
248,Troika
249,Artur Lescher
250,Roy Dowell
251,Matthew Carver
252,Gabriele Huesgen
253,Desiree Patterson
254,Salvatore Arnone
255,Christy Powers
256,Razzia
257,Janise Yntema
258,Banksy
259,Mel Bochner
260,David Drebin
261,Tim Flach
262,Isca Greenfield-Sanders
263,Christoph Rutimann
264,Jacobo Castellano
265,Doris Marten
266,Harold Town
267,Ginnie Gardiner
268,Dean West
269,BAKi
270,Joachim Schmeisser
271,Jose Bellver
272,Pat McDermott
273,Michael Barringer
274,Dominik Schmitt
275,Hans Withoos
276,Lucia Warck-Meister
277,Cecilia Mendez Casariego
278,Jose Ricardo Contreras Gonzalez
279,Ying Chen
280,Yoshitomo Nara
281,Nathan Sawaya
282,Brian Alfred
283,Joe Tilson
284,Macyn Bolt
285,Val Kilmer
286,JR
287,Tracey Emin
288,Gregor Hildebrandt
289,Fieroza Doorsen
290,Nick Veasey
291,Allan D'Arcangelo
292,Margaret Neill
293,Gina Soden
294,Ferle
295,Xanda McCagg
296,Susan Morris
297,Glauco Rodrigues
298,Gordon Rayner
299,Jack Brusca
300,Charles Levier
301,Marija Nikolic
302,Cristina Ghetti
303,Nora Moreno-Garcia
304,On Hansen
305,Richard Prince
306,LeRoy Neiman
307,Larry Rivers
308,Jessica Snow
309,Michael Joo
310,Tinker Brothers
311,Moody
312,Pia Fries
313,Dennis Oppenheim
314,Sandro Chia
315,Nicholas Krushenick
316,Jose Luis Cuevas
317,Jo Ellen Van Ouwerkerk
318,Leonard Baskin
319,Matthew Langley
320,Ramon Enrich
321,Klara Kristalova
322,Gina Werfel
323,Clay Johnson
324,Anton Kannemeyer
325,Mike Solomon
326,Manish Nai
327,Eldon Garnet
328,Clarence Holbrook Carter
329,Steffi Moellers
330,Tim Fawcett
331,Martina Nehrling
332,Fanny Finkelman Szyller
333,Guang-Yu Zhang
334,Oliver Dorfer
335,Judith Godwin
336,Joyce Weinstein
337,Patrick Chamberlain
338,Tommaso Fattovich
339,Linda Coppens
340,Stephan Zirwes
341,Jason Engelund
342,Brooke Noel Morgan
343,Andres Ferrandis
344,Jill Peters
345,Amelia Coward
346,Ali Alisir
347,SOS
348,Lawrence Fried
349,Aaron Stansberry
350,Roy Lichtenstein
351,Farhad Moshiri
352,Sam Francis
353,Allen Jones
354,Atelier Van Lieshout
355,Deborah Claxton
356,Anya Spielman
357,Ryan McGinness
358,Simon Vega
359,Gelitin
360,Pierre Yermia
361,Bharti Kher
362,Melissa Meyer
363,Christophe Jacrot
364,Xavier Dumoulin
365,Jakob Kirchmayr
366,Sabina Forbes II
367,Marcelo Cipis
368,Ale Osollo
369,Sylvia Moritz
370,Tom Henderson
371,Stephanie Rainer
372,Jenny Perez
373,Assunta A.A.M.
374,Glen Rubsamen
375,Giulia Ricci
376,Alejandro Vega Beuvrin
377,Bill Kane
378,Alain Clement
379,Leo Matiz
380,Elena Bulatova
381,Patrick Pepin
382,Bas Meeuws
383,Yevhen Lisniak
384,Tom Price
385,Tina Loiodice
386,Viviane Rombaldi Seppey
387,Paola Davila
388,Israel Rubinstein
389,Mindy Sue Meyers
390,Jim Dine
391,Richard Lindner
392,Roger Brown
393,John Grillo
394,Luigi Ghirri
395,Brent Hallard
396,Peter Soriano
397,Jaanika Peerna
398,Greg Beebe
399,Invader
400,Lek
401,Paul Jenkins
402,Harald Kroner
403,Andre Minaux
404,Eduardo Paolozzi
405,JMR
406,Johan Creten
407,Jean Feinberg
408,Ian McKeever
409,Efren Isaza
410,John Henderson
411,Tilman
412,Suzanne Caporael
413,Audrey Stone
414,Brad Wilson
415,Beat Zoderer
416,Jill Moser
417,Yvonne Thomas
418,Kate Ericson and Mel Ziegler
419,Daniel Rich
420,David Allan Peters
421,Flavio Garciandia
422,Barry Nelson
423,Louisa Chase
424,Charles Cobelle
425,Miriam Smidt
426,Lucinda Burgess
427,Alen Opsar
428,Maria Jose Arjona
429,Ludovic Dervillez
430,Paul Landauer
431,Kathleen Kucka
432,Jonathan Smith
433,George Rodger
434,Andreas Leikauf
435,Luca Marziale
436,Oswaldo Goeldi
437,Louise Robert
438,Laurent Marcel Salinas
439,Nick Terry
440,Jeremie Iordanoff
441,Tunku Khalsom
442,Jennyfer Stratman
443,Marcone Moreira
444,Zhu Ming
445,Mattia Bosco
446,MIcowEL
447,Carla Gimbatti
448,Evelyn Politzer
449,Sebastiaan Knot
450,Kenny Scharf
451,Yaacov Agam
452,Robert Motherwell
453,Eduardo Arranz-Bravo
454,Martin C. Herbst
455,Cecile Raynal
456,Fred Stichnoth
457,Guillaume Chansarel
458,Takashi Murakami
459,Yayoi Kusama
460,Gunther Forg
461,Karel Appel
462,Greet Helsen
463,Ellen Priest
464,Malcolm Morley
465,Henrietta Harris
466,Gered Mankowitz
467,Pierre Alechinsky
468,Robert Baribeau
469,Tomory Dodge
470,Jurgen Drescher
471,Tom McGlynn
472,Klaus Kampert
473,Chryssa
474,Joachim van der Vlugt
475,Gianfranco Pezzot
476,Anthony Frost
477,Unknown
478,Richard Hunt
479,David Row
480,Mike Meire
481,Hadi Tabatabai
482,Dieter Mammel
483,Charlie Hewitt
484,Susanne Kirsch
485,Rico Gatson
486,Jeff Robb
487,Lilian Thomas Burwell
488,Lisa Palomino
489,Nora Ampova
490,Meyers Rohowsky
491,Nite Owl
492,Otist
493,BBqueen
494,Harry Skeggs
495,Isher Dhiman
496,Jac Lahav
497,Shelly McCoy
498,Paul Fabozzi
499,Raphael Macek
500,Sarah Chilvers
501,Benjamin Benno
502,Pedro Caetano
503,Hamilton Aguiar
504,Jay Kelly
505,KX2
506,Emily Berger
507,Jessica Renault JrBrush
508,Botero Pop
509,La Pointe
510,Andrew Hardy
511,Elizabeth Peyton
512,Victor Vasarely
513,Corneille
514,Albert Watson
515,Bernard Frize
516,Erte
517,William Ronald
518,Jose Manuel Ciria
519,Barthelemy Toguo
520,Jason Middlebrook
521,Rafael Coronel
522,Anne Russinof
523,Stanley Whitney
524,Chris Ofili
525,Bernard Buffet
526,Frank Horvat
527,Raul Cordero
528,Pierre Auville
529,Onemizer
530,John Giorno
531,Martin Munkacsi
532,Marc Desgrandchamps
533,Marcy Rosenblat
534,Menashe Kadishman
535,Hachiro Kanno
536,Hans Staudacher
537,Vasilena Gankovska
538,Beverly Fishman
539,Koenraad Dedobbeleer
540,Jean-Francois Rauzier
541,SUPERFLEX
542,Amadeo Luciano Lorenzato
543,Jenik Cook
544,Arthur Boden
545,Giancarlo Impiglia
546,Brodsky & Utkin
547,John Hardy
548,Steli Christoff
549,Jim Rennert
550,Matt Shlian
551,Alejandra Quintanilla
552,Kevin Krag
553,Philippe Halaburda
554,Marcelo Martin Burgos
555,LOSE
556,Ann Gardner
557,Giacomo Giannelli
558,Molly Gambardella
559,Virgil Abloh
560,Lumi Mizutani
561,Cameron Platter
562,Devan Shimoyama
563,Gianni Motti
564,Paulo Roberto Leal
565,Ida Kohlmeyer
566,Daisuke Takeya
567,Ron Martin
568,Dennis Burton
569,Josep Grau-Garriga
570,Pietro Bulloni
571,Lucio Ranucci
572,Guy Oberson
573,Monika Kovatsch
574,Marcelo Mendizabal
575,Carolina Alotus
576,Janina McQuoid
577,Carlos Gamez de Francisco
578,Carson Cartier
579,Carlos Alejandro
580,Martine Demal
581,Dani Marti
582,Lisa Whittington
583,Sqra
584,CRASH
585,Claude Rutault
586,Ryan Callanan
587,Dale Chihuly
588,Ellsworth Kelly
589,Red Grooms
590,Robert Natkin
591,David Nash
592,Henri Matisse
593,Clay Ketter
594,Judy Pfaff
595,Ashley Oubre
596,Jaume Plensa
597,Enrico Baj
598,Mark Mastroianni
599,Ashlynn Browning
600,Delphine Brabant
601,Jean-Baptiste Huynh
602,Pedro Cabrita Reis
603,Agent X
604,Pieter Vermeersch
605,Nicolas Party
606,Ernest Pignon-Ernest
607,Swoon
608,Robert Mapplethorpe
609,Tom Wesselmann
610,Chuck Close
611,Joe Webb
612,Patrick Wilson
613,Richard Smith
614,Richard Haas
615,Rupert Jasen Smith
616,stikman
617,Will Barnet
618,Bruce Conner
619,Carole Feuerman
620,David Huffman
621,Hamish Fulton
622,Nassos Daphnis
623,Lionel Esteve
624,Emanuel Schulze
625,Michael Reafsnyder
626,Ian Anull
627,Rudolf de Crignis
628,Daniela Schweinsberg
629,Harry McCormick
630,Elliott Green
631,Diane Monet
632,Guillaume Ziccarelli
633,Josep M. Rosello
634,Paula Scavazzini
635,Flora Rebollo
636,Maria Bacha
637,William Schwedler
638,Dinopak
639,Katia Ferrari
640,Jae Ko
641,Yunior Marino
642,Johnny Ramstedt
643,James Akers
644,Aleksandar Topic
645,Bill Barrett
646,Debbie Smith
647,Corey Postiglione
648,Ulfur Karlsson
649,Wadsworth Jarrell
650,Mel Ziegler
651,Erin Lawlor
652,Emily Mason
653,Monique van Genderen
654,Ernst Caramelle
655,Heather Gwen Martin
656,Stephan Baumkotter
657,Joan Witek
658,Eduard Angeli
659,Porfirio Valadares
660,Michel Goulet
661,Dana Holst
662,Mat Brown
663,Drew Simpson
664,Richard Gorman
665,John MacGregor
666,Tony Bechara
667,Al Hirschfeld
668,Reuben Nakian
669,Jesus Perea
670,Samantha Redfern
671,Victor Delfin
672,Pierre Clerk
673,Corinne Vogel
674,Taketo Kobayashi
675,Manzur Kargar
676,Gloria Estefanell
677,Ross Tamlin
678,Jonah Waterous
679,Julie Breton
680,Esboner
681,cObo
682,Pavlina Kvita
683,Leon Phillips
684,Anna-Eva Bergman
685,Camila Quintero
686,Ron Lion
687,Ai Weiwei
688,Ed Ruscha
689,John Baldessari
690,John Chamberlain
691,Roxy Paine
692,Franz Ackermann
693,Francisco Zuniga
694,Raphael Soyer
695,Inka Essenhigh
696,Tenesh Webber
697,Romain Langlois
698,Geoff Hargadon
699,Fabienne Verdier
700,Susan Cantrick
701,Jacques Owczarek
702,Gudrun Mertes-Frady
703,Gerhard Richter
704,Bridget Riley
705,Willem de Kooning
706,Harland Miller
707,Kiki Smith
708,Julian Opie
709,Ugo Rondinone
710,Wifredo Lam
711,Georges Braque
712,Magnus Plessen
713,Trudy Benson
714,Hiro Ichikawa
715,Marisol Escobar
716,Purvis Young
717,Robert Arthur Goodnough
718,Steve Kaufman
719,Nicole Pon Horvath
720,Simon Thompson
721,Fernando de Szyszlo
722,Kevin Appel
723,Julie Galiay
724,Karl Fred Dahmen
725,Julia Mangold
726,Kazuo Nakamura
727,Cosbe
728,Jay Rosenblum
729,Charles Ross
730,John Kacere
731,Irena Kurkova
732,James Godman
733,Michelle Marra
734,Floyd Elzinga
735,Melanie Simard
736,Lena Zak
737,Miriam Aroeste
738,Pearl Angrist
739,Ana Montiel
740,Kaliya Ka
741,Toshio Iezumi
742,Lloyd Tabing
743,SELY
744,Cocoquelicots
745,Nathalie Molla
746,NINU
747,Willy B
748,Steven Alexander
749,Tom Waldron
750,Angela Costanzo Paris
751,Alina Rodriguez Rojo
752,Christopher Ries
753,Nicolas V. Sanchez
754,Francisco Javier
755,J. Antonio Farfan
756,Sarah Larsen
757,Bo Bartlett
758,Christian Lindow
759,Zang Kunkun
760,Albrecht Schnider
761,Adam Barker-Mill
762,Mike Saijo
763,Michael Snow
764,Domenick Turturro
765,Estelle Ginsburg
766,Robert Beauchamp
767,Gregory Amenoff
768,Stallman
769,Jutta Rika Bressem
770,Louise Blyton
771,Francesca Borgo
772,Benjamin Anderson
773,Tara Conley
774,Janin Walter
775,Franko Tencic
776,Daria Semenova
777,Nathan Paddison
778,Monica Madotto
779,Danny Giesbers
780,Julia Avramidis
781,Shadee K
782,Valerie Marty
783,Simona Prives
784,Bego M. Santiago
785,Monica
786,Gunnar Norrman
787,Toland Sand
788,Capucine Safir
789,Guy Gee
790,Malgorzata Jablonska
791,Tanc
792,STATIC
793,Gene Davis
794,Barry Flanagan
795,Georges Rouault
796,Dana Schutz
797,Peter Hujar
798,Hans Bellmer
799,Ben Sack
800,Ben Shahn
801,Yasmin Alt
802,Guillaume Azoulay
803,Leslie Hewitt
804,Jimmy Ernst
805,Paul Rousso
806,Alfredo Volpi
807,Calo Carratala
808,Cecily Brown
809,Arnulf Rainer
810,Candida Hofer
811,Jeremy Annear
812,Eduardo Sarabia
813,Francesco Scavullo
814,Esteban Vicente
815,Alexander Ross
816,Norman Bluhm
817,Henry Moore
818,Sandra Chevrier
819,Ilya Bolotowsky
820,Matthew Barney
821,Juan Usle
822,Terence Netter
823,Cildo Meireles
824,Hongyu Zhang
825,Hans Findling
826,April Gornik
827,Ahn Hyun-Ju
828,Pedro Proenca
829,Alain Jacquet
830,Max Papart
831,Mojoko
832,Emily Eveleth
833,Francine Tint
834,Ayako Rokkaku
835,Gillie and Marc
836,Claude Tetot
837,Marie Louise Sorbac
838,Royce Bannon
839,Laurent Grasso
840,Audrey Barcio
841,Ana Mercedes Hoyos
842,Marine De Soos
843,Asgar/Gabriel
844,Gabriel de la Mora
845,Markus Linnenbrink
846,Matthias Zinn
847,Torolab
848,Mary Sibande
849,Allyson Strafella
850,Jac Leirner
851,Tiago Carneiro da Cunha
852,Camila Sposati
853,Alice Baber
854,Natalia Koren Kropf
855,Max Johnston
856,John Meredith
857,Juan Ripolles
858,Rasha Eleyan
859,Donald Saff
860,Franco Salas Borquez
861,Bea Garding Schubert
862,Torge Steffens
863,Giulia Puntel
864,Rob Burman
865,Darae Jeon
866,Diana Krinninger
867,Douglas Melini
868,Nuge
869,Kathleen Jacobs
870,Caroline Vis
871,Zachari Logan
872,Lars von Trier
873,Petra Schott
874,Ondrej Oliva
875,Piotre
876,Hope 1393
877,Majic Monster
878,Matthew Heller
879,Valeria Nascimento
880,Johanna Kestila
881,Nikolina Petolas
882,Marc Brousse
883,Sonya Revell
884,Nian
885,Julien Delagrange
886,Ham Sup
887,George Dawnay
888,Jim Dicke
889,Mel Prest
890,Jason Dussault
891,Nalini Malani
892,Anastasia Khoroshilova
893,Sherman Beck
894,Alfred Conteh
895,Michel Perez Pollo
896,James Howell
897,Nona Faustine
898,Ian Laurie
899,Elena Seroff
900,Gordon Anderson
901,Tommy Flynn
902,Jan De Ruth
903,Lauren Bilanko
904,Alan Herr
905,Ralph Fasanella
906,Herbert Aach
907,Peter Mayer
908,Rita Simon
909,Jim Budish
910,Judy Cheng
911,John Joseph Hanright
912,David Robinson
913,Blu Smith
914,Bill Starke
915,Dannielle Tegeder
916,Monica Shulman
917,Idris Habib
918,Francisco Montoya Cazarez
919,James Little
920,Radina Stoimenova
921,Mark Beard
922,Pegaz
923,Clement Herrmann
924,Hico
925,Roby Dwi Antono
926,Christophe Dupety
927,Demarcus McGaughey
928,Jesus Pedraglio Belmont
929,Frank Stella
930,Nan Goldin
931,Christo and Jeanne-Claude
932,Robert Morris
933,Nick Gentry
934,Hans Hartung
935,Mimmo Rotella
936,Jean Dubuffet
937,Friedel Dzubas
938,Romare Bearden
939,Jack Youngerman
940,Leonor Fini
941,James Siena
942,John Sonsini
943,Xavier Veilhan
944,Jannis Kounellis
945,Arthur Dorval
946,L'Outsider
947,Frank Gerritz
948,Anthony Quinn
949,Marc C. Woehr
950,Anna Maria Maiolino
951,Herbert Bayer
952,Betty Parsons
953,Maurice Tabard
954,Dinh Q. Le
955,Antoine Cordet
956,Helio Oiticica
957,Omar Rayo
958,Ivan Argote
959,Deanna Sirlin
960,Raffi Kalenderian
961,Sam Bolton
962,Christopher Makos
963,Sybil Gibson
964,Kim Uchiyama
965,Faile
966,Augustine Kofie
967,PEETA
968,Ben Frost
969,Remed
970,Jasper Johns
971,Sol LeWitt
972,Richard Serra
973,Nobuyoshi Araki
974,Eric Fischl
975,Eduardo Chillida
976,Mimmo Paladino
977,Bert Stern
978,Jesus Rafael Soto
979,Helen Frankenthaler
980,Mark Tobey
981,Carmen Herrera
982,Lucien Clergue
983,Frederic Prat
984,Max Ernst
985,Wim Delvoye
986,Jonas Wood
987,Aaron Wexler
988,Hernan Bas
989,Julian Stanczak
990,Troy Brauntuch
991,James Brown
992,Vincent Abadie Hafez
993,The Connor Brothers
994,Nicola de Maria
995,Jorge Rodriguez-Gerada
996,Tam Van Tran
997,Leonardo Nierman
998,Chen Yiching
999,Jonty Hurwitz
1000,Thilo Heinzmann
1001,Rita McBride
1002,Miguel Berrocal
1003,Max Zorn
1004,Tien Wen
1005,Robert van Bolderick
1006,Michael Cusack
1007,Charles Dufresne
1008,Gunter Damisch
1009,Ai Kijima
1010,David Murphy
1011,Raymundo Colares
1012,Steve Moors
1013,Xiao Guo Hui
1014,Janieta Eyre
1015,Alexander Rasmussen
1016,David Cantine
1017,Jim Jacobs
1018,Marcia Marx
1019,Jon D'Orazio
1020,Joseph Solman
1021,Jon Naar
1022,Claire Tabouret
1023,Chaim Goldberg
1024,Oli Epp
1025,Sharon Brill
1026,Jallen
1027,Richard B. Smith
1028,Michael Soltis
1029,Tim Yankosky
1030,Robert Sagerman
1031,Alisa Sikelianos-Carter
1032,Mihaela Ivanova
1033,Laura Kaktina
1034,JuanCarlos rLora
1035,Terry Pastor
1036,Yoann Bonneville YBA
1037,Matthew Sadergaski
1038,M.Koeur
1039,Wegs
1040,Brunograffer
1041,Tegan Brozyna Roberts
1042,Natalie Cheung
1043,Paul Wackers
1044,Musah Swallah
1045,Ziesook You
1046,RJ Calabrese
1047,Norman Wilkinson
1048,Ren Hong
1049,Cecco Mariniello
1050,Carolyn Cole
1051,Dave Lowell
1052,Seymour Chwast
1053,Daniele Buetti
1054,Yann Guillon
1055,Johanna Billing
1056,Matthew Ronay
1057,Henrik Eiben
1058,Jose Resende
1059,Manoela Medeiros
1060,Tom Hodgson
1061,Kevin Red Star
1062,Jean-Marie Haessle
1063,Raul Anguiano
1064,William Waithe
1065,Robert Squeri
1066,Thomas W. Benton
1067,David Roth
1068,Paul von Ringelheim
1069,Michael DeCamp
1070,Jon Carsman
1071,Eiji Ohashi
1072,Karel Appel and Pierre Alechinsky
1073,Lebadang
1074,Juan Carlos Collada
1075,Andre Monet
1076,Jan Gulfoss
1077,Harriet Liddell Foster
1078,Michelle Gagliano
1079,Dragica Carlin
1080,Javier Calleja
1081,Annesta Le
1082,Rainer Wolzl
1083,Efe Kurt
1084,Bunny Yeager
1085,Dimitar Solakov
1086,Lyuben Domozetski
1087,Miss Aniela
1088,Alesandro Ljubicic
1089,Raf Urban
1090,Glauc'
1091,Mr. Kami
1092,Istraille
1093,Krasimira Stikar
1094,Jay McCafferty
1095,Bonnie Edelman
1096,Betsy Eby
1097,Alina Maksimenko
1098,Zoran Simunovic
1099,Julie Peppito
1100,Celia Pym
1101,LeavittWeaver
1102,Richard Bruland
1103,Bradley Harms
1104,Daniela Marin
1105,Enrique Cabrera
1106,Demit Omphroy
1107,Dan Tanenbaum
1108,Connor James
1109,JonOne
1110,Stinkfish
1111,Claes Oldenburg
1112,Jenny Holzer
1113,Larry Clark
1114,Massimo Vitali
1115,Rene Gruau
1116,Stephan Balkenhol
1117,Rufino Tamayo
1118,William Copley
1119,Ross Bleckner
1120,Bernar Venet
1121,Saul Steinberg
1122,Jacques Villon
1123,Jiri Kolar
1124,Tacita Dean
1125,Leon Polk Smith
1126,Stanley William Hayter
1127,Peter Beard
1128,Carlos and Jason Sanchez
1129,Robert Mangold
1130,Nancy Spero
1131,Brad Robson
1132,Darkcloud
1133,Kenji Nakayama
1134,Jeffrey Gibson
1135,Manuel Robbe
1136,Cranio
1137,Alphonse Mucha
1138,Maripol
1139,Hans Feurer
1140,Kim Keever
1141,Philip Pearlstein
1142,Sara Pope
1143,Jiang Tie Feng
1144,Penny
1145,Tunga
1146,Anni Albers
1147,Toctoc
1148,CB Hoyo
1149,Phillip Allen
1150,General Idea
1151,Kolkoz
1152,Kikuo Saito
1153,Jess Hurley Scott
1154,Frederique Domergue
1155,DALeast
1156,Marina Abramovic
1157,Konrad Klapheck
1158,Louise Bourgeois
1159,Walasse Ting
1160,Manolo Valdes
1161,Lee Ufan
1162,Terence Koh
1163,NEVERCREW
1164,Hebru Brantley
1165,Gilbert and George
1166,Peter Blake
1167,Kenneth Noland
1168,Alfonso Ossorio
1169,Hans Hofmann
1170,Liz Nielsen
1171,John Baeder
1172,Elaine de Kooning
1173,Johnny Friedlaender
1174,Marie Laurencin
1175,Elmgreen & Dragset
1176,Natalie Edgar
1177,Yaze
1178,Peter Anton
1179,Takesada Matsutani
1180,Lady Pink
1181,Yvaral
1182,Nancy Graves
1183,Hilo Chen
1184,Mathew Hale
1185,Jose Bedia
1186,Richard Bosman
1187,David Diao
1188,Lino Tagliapietra
1189,Gianni Bertini
1190,A.Selvaraj
1191,Manfred Pernice
1192,Remy Zaugg
1193,Karl Kasten
1194,Lee Bae
1195,Paul Wunderlich
1196,Matt Devine
1197,Burhan Dogancay
1198,Jose Lerma
1199,Celia Hempton
1200,Does
1201,Arthur Luiz Piza
1202,Simone Fattal
1203,John Little
1204,Heath Kane
1205,Miha Strukelj
1206,Jens Fange
1207,Zach Harris
1208,Tom LaDuke
1209,Matthew Benedict
1210,Julieta Aranda
1211,Pia Camil
1212,Mary Abbott
1213,Artur Barrio
1214,Vanessa Henn
1215,Winston Roeth
1216,Athos Bulcao
1217,Boomoon
1218,Miru Kim
1219,Cj Hendry
1220,Christy Langer
1221,Richard Stipl
1222,Sherri Hay
1223,Don David
1224,Peter Mack
1225,C.J. Yao
1226,John Tandy
1227,Ron Rundo
1228,Mihail Chemiakin
1229,Andree Amarica
1230,David Azuz
1231,Cris Cristofaro
1232,Moses Soyer
1233,Molly Brocklehurst
1234,Roger Eberhard
1235,Peter Krawagna
1236,Marina Adams
1237,Jo Hummel
1238,Bogdan Molea
1239,Shannon Finley
1240,Derek Morris
1241,Claudia Limacher
1242,Attilio Esposito
1243,Iran Issa-Khan
1244,Tito Salomoni
1245,Yeo Siak Goon
1246,Michi Meko
1247,Suchitra Mattai
1248,Peter Brooke-Ball
1249,Patricia Volk
1250,Jessica Stoller
1251,Katie Bell
1252,Esmaa Mohamoud
1253,Alexander Arshansky
1254,Rene Kemp
1255,Patrick Christie
1256,PROOZ
1257,Sam Guillemot
1258,FreakS the FaB
1259,Air
1260,Mahelle
1261,Pix3ln
1262,Socrate
1263,Stan Maksun
1264,Horss
1265,Fabienne Peretti
1266,Sunny Jim
1267,Pablo Griss
1268,Peter Monaghan
1269,Madeleine Keesing
1270,Sarah Amos
1271,Jessica Drenk
1272,Karen Gunderson
1273,Colin Fleck
1274,Jean-Marie Appriou
1275,Rachid Lotf
1276,Kris Cox
1277,Henry Jackson
1278,Kdoggydizzle
1279,Angela Fabbri
1280,Ronnie Cutrone
1281,Jennifer Chalklen
1282,Maria Taniguchi
1283,Chung Chang-Sup
1284,Franklin Evans
1285,Harald F. Muller
1286,Ruben Ortiz-Torres
1287,Hector Garcia
1288,Merv Corning
1289,Douglas Allsop
1290,Willie Cole
1291,Luiz Zerbini
1292,Samuel Levi Jones
1293,Ed Zelenak
1294,Matias Sanchez
1295,David Bolduc
1296,Kristin Morthens
1297,Frederic Bruly Bouabre
1298,John Hultberg
1299,Leandro Velasco
1300,Anne Youkeles
1301,Susan Hall
1302,Max Epstein
1303,Ernst Neizvestny
1304,Robert Kipniss
1305,Marshall Goodman
1306,Moshe Rosenthalis
1307,John Nesta
1308,Benny Andrews
1309,Ben Schonzeit
1310,Gabor Peterdi
1311,Howard Bingham
1312,Alejandro Colunga
1313,Pat Passlof
1314,Adja Yunkers
1315,Ian Hornak
1316,Alexander Raymond Katz
1317,Jean Olds
1318,Richard Bernstein
1319,Beck & Jung
1320,Colin Self
1321,Arnold Hoffmann Jr.
1322,Alain Bonnefoit
1323,Marcela Jardon
1324,Inna Levinson
1325,Adriana Molea
1326,Casper Kang
1327,GJ Kimsunken
1328,Leobardo Huerta
1329,Paul Laster
1330,Juan C. Estrada
1331,Chesade
1332,Natalya Zaloznaya
1333,Alina Sokolova
1334,Vikenti Komitski
1335,Eli Joteva
1336,Rachel Valdes
1337,Carolina Sardi
1338,Su Su
1339,Dr. Seuss
1340,Yves Laloy
1341,Asya Marakulina
1342,Christian Jankowski
1343,Luo Yang
1344,Kekli
1345,Cisco
1346,Benji Pop Art
1347,Pitu
1348,Kenneth Blom
1349,Sheena Rose
1350,Liz Calvi
1351,Karla Nixon
1352,Dennis Lee Mitchell
1353,Cheryl Ann Thomas
1354,Hyun Jung Ahn
1355,Julia Silvester
1356,Youngil Joseph Kim
1357,Tony Khawam
1358,Markus Saile
1359,Otis Hope Carey
1360,LY.
1361,Yuya Hashizume
1362,Matthew F Fisher
1363,Florian Baudrexel
1364,Erica Baum
1365,Gustavo Ramos Rivera
1366,Gustavo Schmidt
1367,Chanell Angeli
1368,Sean Augustine March
1369,Jon Burgerman
1370,Ron English
1371,Hush
1372,L'Atlas
1373,Jef Aerosol
1374,Paul Insect
1375,XOOOOX
1376,Swiz
1377,Francis Bacon
1378,Collin van der Sluijs
1379,Thierry Noir
1380,Christopher Wool
1381,Kour Pour
1382,Anders Gjennestad
1383,Wayne Thiebaud
1384,Martin Kippenberger
1385,Anish Kapoor
1386,Wade Guyton
1387,Vik Muniz
1388,Russell Young
1389,Friedensreich Hundertwasser
1390,Grayson Perry
1391,Djordje Ozbolt
1392,Peter Zimmermann
1393,Niki de Saint Phalle
1394,Lygia Clark
1395,Jacques Lipchitz
1396,Rick Begneaud
1397,Francisco Toledo
1398,Dennis Hare
1399,Stefan Thiel
1400,Theodoros Stamos
1401,Marcel Broodthaers
1402,Fernand Leger
1403,Ernest Trova
1404,Piero Dorazio
1405,Rirkrit Tiravanija
1406,Conrad Marca-Relli
1407,Eddie Peake
1408,Richard Hambleton
1409,Louis Icart
1410,Mary Cassatt
1411,Milton Avery
1412,Charles Bell
1413,William Wegman
1414,LA II
1415,Pavlos
1416,Hank O'Neal
1417,Matti Braun
1418,Abraham Walkowitz
1419,Mark Powell
1420,Arturo Di Modica
1421,Jean Dufy
1422,MARS-1
1423,John Lennon
1424,Aiiroh
1425,Gao Weigang
1426,Sara Pittman
1427,Adriana Oliver
1428,Lawrence Schiller
1429,Philippe Alfieri
1430,Pure Evil
1431,Nick Walker
1432,Vhils
1433,Daze
1434,George Condo
1435,Niels Shoe Meulman
1436,Sowat
1437,Brusk
1438,Pichi & Avo
1439,Icy and Sot
1440,Bruce Nauman
1441,Fernando Botero
1442,Thomas Struth
1443,Julie Mehretu
1444,Martin Whatson
1445,Alison Jackson
1446,Marino Marini
1447,Adolph Gottlieb
1448,Georges Mathieu
1449,Katharina Grosse
1450,Janet Fish
1451,Barry McGee
1452,Igor Mitoraj
1453,Wolfgang Tillmans
1454,Komar and Melamid
1455,Peter Halley
1456,Jack Pierson
1457,Romero Britto
1458,Louise Nevelson
1459,Matteo Negri
1460,Lynda Benglis
1461,Joseph Cornell
1462,Carolyn Marks Blackwood
1463,Kunstrasen
1464,Boicut
1465,Richard Artschwager
1466,Charles Arnoldi
1467,Olafur Eliasson
1468,James Coignard
1469,Rembrandt van Rijn
1470,Wassily Kandinsky
1471,John Gerrard
1472,Giorgio de Chirico
1473,Patrick Hughes
1474,Chris Levine
1475,Angel Otero
1476,Fiona Rae
1477,Gerald Laing
1478,Currier & Ives
1479,Crystal Wagner
1480,Hermann Nitsch
1481,Eugene Leroy
1482,Crail Moansburg
1483,Ralph Goings
1484,Hajime Sorayama
1485,Reginald Marsh
1486,Max Bill
1487,K-Guy
1488,Gerard Schneider
1489,Carlos Cruz-Diez
1490,Henri Michaux
1491,Josef Hoflehner
1492,Ibram Lassaw
1493,Don Nice
1494,Sarah Hardacre
1495,Irony
1496,Kenro Izu
1497,O'Clock
1498,Burton Morris
1499,Waltercio Caldas
1500,Lee Jaffe
1501,Tomokazu Matsuyama
1502,Andre Masson
1503,Norman Rockwell
1504,Michael De Feo
1505,Charles Cham
1506,Maaike Bakker
1507,Alison Saar
1508,Sarah Moon
1509,Andy Moses
1510,Joseph Hirsch
1511,Leonardo Drew
1512,Brian Calvin
1513,Seth Armstrong
1514,Nancy Gifford
1515,Budd Hopkins
1516,Sophia Vari
1517,Jerkface
1518,John Ferren
1519,Roberta Morzetti
1520,Wang Ai
1521,Marko Tadic
1522,George McNeil
1523,Amy Bennett
1524,Annie Lapin
1525,Ryan Brown
1526,Jim Jonson
1527,Lou Ros
1528,Sasha Holzer
1529,Cinthia Marcelle
1530,Ivan Serpa
1531,Montez Magno
1532,Sarah Grilo
1533,An Whitlock
1534,Ted Tucker
1535,Gerald Baer
1536,Claude Tousignant
1537,Alex Racine
1538,Guy Charon
1539,Jessica Rice
1540,Aaron Fink
1541,Constantin Antonovici
1542,Richard Ham
1543,Arnold Weber
1544,Muhammad Ali
1545,Shlomo Katz
1546,Ginny Masters
1547,Paul Chelko
1548,Igor Tabakov
1549,Oskar D'Amico
1550,Manuel Felguerez Barra
1551,Jose Antonio Velasquez
1552,Bernard Greenwald
1553,Peter Lik
1554,Wayne Ensrud
1555,Pierre Paulin
1556,Mirko Guida
1557,Babe Shapiro
1558,Charles Ford
1559,Tony Marsh
1560,Jason Hallman
1561,Lauren Mabry
1562,J. Kevin White
1563,Thomaz Rosa
1564,Tamara Dean
1565,Linde Ivimey
1566,Danie Mellor
1567,Melvin Grave Guzman
1568,Vernon O’Meally
1569,David Phelps
1570,Ken Rausch
1571,Calvin Teng
1572,Danny Ferrell
1573,Ben Zank
1574,Raymond Saa
1575,Chaz Guest
1576,Lluis Lleo
1577,Alejandro Valencia
1578,Fernando Otero
1579,Maruch Santiz Gomez
1580,Charis Entwisle
1581,Charlie Haydn Taylor
1582,Stela Vasileva
1583,Svetli Evgeniev
1584,Stefano Trappolini
1585,Alan Brown
1586,Lyoudmila Milanova
1587,Arnaud Laly
1588,Valco
1589,Franck Celaire
1590,Iskra Blagoeva
1591,Mirza Cizmic
1592,Miles Regis
1593,Gaia Adducchio
1594,Lorenzo Swinton
1595,Sam Heydt
1596,Lin Zhipeng aka No.223
1597,Jaggu Prasad
1598,Line Street
1599,Befa
1600,Ceel Mogami de Haas
1601,Diyano Purwadi
1602,George Byrne
1603,Patrik Grijalvo
1604,Lawrence Morrell
1605,Lena Ditlmann
1606,Diane DallasKidd
1607,Wayne Levin
1608,Paul Bloch
1609,Alex Weinstein
1610,Mio Yamato
1611,Andrew Millner
1612,Sabine Friesicke
1613,Donald Groscost
1614,Pierre Marie Brisson
1615,Majo Pino
1616,Derrick Okanta
1617,Maru Ulivi
1618,Eugene Barricade
1619,Tunji Adeniyi-Jones
1620,Jordan Kerwick
1621,Marina Mankarios
1622,Tania Dibbs
1623,Hideaki Yamanobe
1624,Catherine Seher
1625,Sergio Femar
1626,Ai Haibara
1627,Sweetieboosh
1628,Ficre Ghebreyesus
1629,Charlotte Zinsser
1630,Anna Barham
1631,Adam Riches
1632,Pez
1633,Bernard Zawisa
1634,Jim Perry
1635,Sarah J. Edwards
1636,Dejvid Knezevic
1637,Danielle Coenen
1638,Nevena Bentz
1639,Dorothy Hood
1640,Bob Camp
1641,Miss Brightside
1642,Jenna Morello
1643,Richard Perry
1644,Pedro Friedeberg
1645,Milton Glaser
1646,Marc Dennis
1647,Amin Nourani
1648,Janice Biala
1649,Fairfield Porter
1650,Ni Youyu
1651,Dong Dawei
1652,Martin Soto Climent
1653,Jacques Jean Efiaimbelo
1654,Yunhee Min
1655,Warren Isensee
1656,Jorg Sasse
1657,Yann Gerstberger
1658,Allan Mardon
1659,Nellie King Solomon
1660,Momies
1661,Laura Carralero Morales
1662,Hartmut Bohm
1663,Aluisio Carvao
1664,Regina Vater
1665,Ed Flood
1666,Thiago Barbalho
1667,Julius Heinemann
1668,Wesley Duke Lee
1669,Clemente Padin
1670,Rodrigo Andrade
1671,Joel Croxson
1672,Marcos Coelho Benjamim
1673,Adriano Costa
1674,Amelia Toledo
1675,Rubens Gerchman
1676,Phillip King
1677,Norman Mooney
1678,Pearl Bates
1679,Ernst Fuchs
1680,Veronika Holcova
1681,Murray Favro
1682,Claus Carstensen
1683,Graham Coughtry
1684,Lorne Wagman
1685,Michael Alan
1686,Yoshikuni Iida
1687,Leonid Afremov
1688,Rita Barros
1689,Ottavio Missoni
1690,David H. Becker
1691,Vladimir Filonov
1692,Duncan Hannah
1693,Alvin Hollingsworth
1694,Leo Bates
1695,Annette Lemieux
1696,Hugo Dietz
1697,Tighe O'Donoghue/Ross
1698,Diana Radeiko
1699,Paul Beliveau
1700,Steven Sorman
1701,Julia Marc
1702,Ernie Barnes
1703,Norio Azuma
1704,Yankel Ginzburg
1705,Steven Campbell
1706,Bill Wiman
1707,Bui Van Hoan
1708,Jane Freilicher
1709,Fritz Scholder
1710,Clayton Gorder
1711,Edvins Strautmanis
1712,Byron Browne
1713,Honey W. Kurlander
1714,David Bumbeck
1715,Frank Roth
1716,Curtis Knapp
1717,Marcel Mouly
1718,Krishna Reddy
1719,Wendy Chazin
1720,Keiko Minami
1721,Hugo Demarco
1722,Al Loving
1723,Preston Abernathy
1724,Djordje Stanojevic
1725,Biserka Petrovic
1726,Jovanka Stanojevic
1727,Ivana Zivic
1728,Marija Zdravkovic
1729,Tadashi Toyama
1730,Martin Aagaard Hansen
1731,Fabio Tasso
1732,Tatiana Levchenko
1733,Ellina Zhanu
1734,Fumero
1735,Frances McLaughlin-Gill
1736,Janet Laurence
1737,Malik Roberts
1738,Zeehan Wazed
1739,David Dawson
1740,Paul Garbett
1741,Ben Hecht
1742,Fernando Costa
1743,Pierre-Francois Grimaldi
1744,Francisco Brennand
1745,Etienne Viard
1746,Kim ByungJoo
1747,Jan Astner
1748,Ivo Alvarone
1749,Robert Lardus
1750,Vidal Toreyo
1751,Bartos Saro
1752,Calman Shemi
1753,Robbin Murphy
1754,Dores Sacquegna
1755,Izvor Pende
1756,Nina Chanel Abney
1757,Derrick Velasquez
1758,Jen Stark
1759,Sara Modiano
1760,Paul Meleschnig
1761,Filipe Branquinho
1762,Anastasia Buoy
1763,Daria Onatskaya
1764,Jenya Pestova
1765,Irene Davydova
1766,Kira Ren
1767,Donna Summer
1768,Maria Jose Franco Maldonado
1769,Dan Lam
1770,Augusto Esquivel
1771,Gemmy Woud-Binnendijk
1772,Tatyana Kondratenko
1773,Giovanni Trimani
1774,Caltanino
1775,Monica Rezman
1776,Pamela Council
1777,Khalid Alkaaby
1778,Mathilde Denize
1779,Thomas Sills
1780,Pekko Rayne
1781,Stanimir Genov
1782,H. Waterday
1783,Nadya Kosinskaya
1784,Nestor Engelke
1785,Ivan Tuzov
1786,Clifton Karhu
1787,Christina Yuna Ko
1788,Calli Roche
1789,Richard Kennedy
1790,Mark Sheinkman
1791,Joni Sternbach
1792,Hugo Alonso
1793,Dark
1794,Sank
1795,San Sao
1796,Maxime Blachere
1797,Johnny Abrahams
1798,Jim Hunolt
1799,O Gringo
1800,Nug
1801,Beth Dary
1802,Pegan Brooke
1803,Robert Kelly
1804,Harry Markusse
1805,Lis Costa
1806,Scott Peterman
1807,Karl Pilato
1808,Ricardo Mazal
1809,Jeremy Holmes
1810,Lucas Ferreira
1811,Jeff Kellar
1812,James Denmark
1813,Anna Ghilardi
1814,Luigi Di Luca
1815,Celia Wilkinson
1816,Galen Cheney
1817,Chila Kumari Burman
1818,Tekla Aleksieva
1819,Darryl Westly
1820,Elizabeth Sekyiamah
1821,Otis Kwame Kye Quaicoe
1822,Chiara No
1823,Joan Wheeler
1824,TIDE
1825,Eric Valat
1826,Kathy Calderwood
1827,Tomoko Nagai
1828,Kris Ruhs
1829,Priscilla Vettese
1830,Yusuke Hanai
1831,Ali Eckert
1832,Matteo Mauro
1833,Madeline Donahue
1834,Fanch Ledan
1835,Geoffrey Holder
1836,Nikko Washington
1837,Carlos Mercado
1838,Michiel Gloeckner
1839,Joan Savo
1840,Natvar Bhavsar
1841,Lee Waisler
1842,Susie Hamilton
1843,Kidrobot
1844,David Maes Gallegos
1845,Rachael Pease
1846,Monica Loya
1847,Jean-Robert Alcindor
1848,Adam Phong
1849,Francois Bel
1850,Fiona Parkinson
1851,Futura
1852,Jean-Michel Basquiat
1853,Fin DAC
1854,Cleon Peterson
1855,Andrew Schoultz
1856,Sebastien Preschoux
1857,Jaybo Monk
1858,Alex Senna
1859,Barbara Kruger
1860,Joseph Kosuth
1861,MIST
1862,Brian Dettmer
1863,Joseph Beuys
1864,Mike Kelley
1865,Zhang Xiaogang
1866,Sean Scully
1867,Maurizio Cattelan
1868,Odeith
1869,Alex Yanes
1870,Pierre Soulages
1871,Jean-Paul Riopelle
1872,Erwin Olaf
1873,Joan Mitchell
1874,Michael Dweck
1875,Franz Kline
1876,Gary Hume
1877,Jonathan Meese
1878,Norman Parkinson
1879,Donald Baechler
1880,Gavin Turk
1881,Roe Ethridge
1882,Miaz Brothers
1883,Alec Soth
1884,Irving Penn
1885,Frank Auerbach
1886,Robert Ryman
1887,Claude Lalanne
1888,Sascha Braunig
1889,Chanoir
1890,Adam Pendleton
1891,Charles Hinman
1892,Devin Troy Strother
1893,Lee Friedlander
1894,Joel Shapiro
1895,Larry Poons
1896,Jonathan Borofsky
1897,Greg Bogin
1898,Marylyn Dintenfass
1899,Pat Steir
1900,Robyn Denny
1901,Paul Gauguin
1902,Henri de Toulouse-Lautrec
1903,Katherine Bernhardt
1904,Cesar
1905,Marisa Merz
1906,Richard Tuttle
1907,Dan Graham
1908,Antoni Clave
1909,Raoul Dufy
1910,Man Ray
1911,Tina Barney
1912,Pierre-Auguste Renoir
1913,Kurar
1914,Grace Hartigan
1915,Lee Krasner
1916,Al Held
1917,Leon Golub
1918,Sam Gilliam
1919,Thomas Downing
1920,Pablo Atchugarry
1921,Lawrence Weiner
1922,John Armleder
1923,Valerio Adami
1924,El Pez
1925,Rene Magritte
1926,Cornelia Parker
1927,Jane Hammond
1928,Ellen Gallagher
1929,John Cage
1930,Ron Davis
1931,Charles Burchfield
1932,Sergio Camargo
1933,Murray Fredericks
1934,Dan Witz
1935,Lauren Baker
1936,T'ang Haywen
1937,Emilio Vedova
1938,Wang Yan Cheng
1939,Matthias Schaller
1940,Jace
1941,Antonio Segui
1942,Magnus Gjoen
1943,Shae DeTar
1944,Tim Doyle
1945,Yinka Shonibare
1946,Friedrich Heinrich Fuger
1947,Nebay
1948,Jan Voss
1949,Rosie Emerson
1950,Jeanette Pasin Sloan
1951,David Bromley
1952,Jorge Macchi
1953,Terry Allen
1954,Aya Takano
1955,Herbert Brandl
1956,Elian
1957,Deborah Sengl
1958,Louis Masai
1959,Eric Joyner
1960,BK FOXX
1961,Max Weber
1962,Leon Ferrari
1963,Audrey Flack
1964,Liliana Porter
1965,Bradley Theodore
1966,Ellen Carey
1967,Emanuele Ravagnani
1968,Kensuke Koike
1969,Robert Silvers
1970,Denial
1971,Seaty
1972,Lu Hong
1973,Nanami Cowdroy
1974,Yang She Wei
1975,P. Gnana
1976,Tian Xu Tong
1977,Speak Cryptic
1978,Francisco Morales
1979,Caragh Thuring
1980,Mariah Robertson
1981,Joan Nelson
1982,James Pinkney Havard
1983,Sakti Burman
1984,Fabio Mauri
1985,Juno Calypso
1986,Nicholas Kriefall
1987,Jerry Schatzberg
1988,Emerson Woelffer
1989,Genieve Figgis
1990,Lygia Pape
1991,Roger Muhl
1992,Yuichi Hirako
1993,Rebecca Mason
1994,Isabel Bishop
1995,Luigi Kasimir
1996,RoamCouch
1997,Yigal Ozeri
1998,John Clem Clarke
1999,John Levee
2000,Caspian
2001,Dganit Blechner
2002,Edgar Negret
2003,Jose Davila
2004,Roberto Burle Marx
2005,Antonio Dias
2006,Arnaldo Roche Rabell
2007,Carlos Irizarry
2008,Pierre Jeanneret
2009,Jarbas Lopes
2010,Burt Glinn
2011,Wolfgang Stiller
2012,Frank Bowling
2013,Scooter LaForge
2014,Hossein Edalatkhah
2015,Mareo Rodriguez
2016,Gordon House
2017,Bernard Cathelin
2018,Jane Puylagarde
2019,Ahmet Gunestekin
2020,Rivane Neuenschwander
2021,Miguel Rio Branco
2022,Martin Barooshian
2023,Andrew Davis
2024,Vladimir Kraynyk
2025,Alvaro Barrios
2026,Alec Monopoly
2027,David Choe
2028,Blek le Rat
2029,C215
2030,Dabs Myla
2031,Faith47
2032,Conor Harrington
2033,Terry Rodgers
2034,Cope2
2035,Beejoir
2036,AJ Fosik
2037,Alexone Dizac
2038,Brett Amory
2039,Bezt
2040,Parker Ito
2041,Oscar Murillo
2042,Wes Lang
2043,Know Hope
2044,Levalet
2045,MadC
2046,Martin Wong
2047,Sr. X
2048,Jean-Baptiste Bernadet
2049,Gregory Siff
2050,Alo
2051,Liu Bolin
2052,Van Ray
2053,Katrin Fridriks
2054,Pejac
2055,Tom Sachs
2056,David Ostrowski
2057,My Dog Sighs
2058,Cindy Sherman
2059,David LaChapelle
2060,Helmut Newton
2061,Mark Ryden
2062,Joram Roukes
2063,Pakpoom Silaphan
2064,Andreas Gursky
2065,Lucio Fontana
2066,Remi Rough
2067,Martin Parr
2068,Bambi
2069,Escif
2070,Peter Phillips
2071,Richard Avedon
2072,Diane Arbus
2073,Georg Baselitz
2074,Antony Gormley
2075,Thomas Schutte
2076,Yue Minjun
2077,Tony Cragg
2078,Marc Quinn
2079,Hurvin Anderson
2080,Tauba Auerbach
2081,Cai Guo-Qiang
2082,Raymond Pettibon
2083,Robert Longo
2084,Glenn Ligon
2085,Joe Bradley
2086,Adam McEwen
2087,Pose
2088,Gary Baseman
2089,Eddie Martinez
2090,Kazuo Shiraga
2091,Nanda Vigo
2092,Ozmo
2093,Ernesto Neto
2094,Itzchak Tarkay
2095,Vija Celmins
2096,Andres Serrano
2097,Alex Prager
2098,Adrian Ghenie
2099,Per Kirkeby
2100,A.R. Penck
2101,Laurie Simmons
2102,Felix Gonzalez-Torres
2103,James Rizzi
2104,Franz West
2105,Elaine Sturtevant
2106,Marcel Dzama
2107,Rineke Dijkstra
2108,Michael Manning
2109,Andy Goldsworthy
2110,NAWER
2111,Pipilotti Rist
2112,Mr.
2113,Josh Smith
2114,Billy Childish
2115,David Reed
2116,Richard Pettibone
2117,Riusuke Fukahori
2118,The London Police
2119,Ekta
2120,Carlos Estevez
2121,Roberto Fabelo
2122,Tomas Sanchez
2123,Monsieur Chat
2124,Carlos Garaicoa
2125,Michael Sailstorfer
2126,Jonathan Monk
2127,Yang Maoyuan
2128,Mantis
2129,Gregory Crewdson
2130,Leonora Carrington
2131,Daido Moriyama
2132,Mona Kuhn
2133,Maxim Mamsikov
2134,Hong Hao
2135,Kohei Nawa
2136,Carl Andre
2137,Dan Flavin
2138,Dario Escobar
2139,Lori Nix
2140,Adam Fuss
2141,Jan Kalab
2142,Jim Hodges
2143,Matt Bilfield
2144,Dimitris Taxis
2145,Anton Corbijn
2146,Abelardo Morell
2147,Quintessenz
2148,Greg Simkins
2149,Mambo
2150,Etel Adnan
2151,Nicola Lopez
2152,Massimo Agostinelli
2153,Andrea Medjesi-Jones
2154,Ansel Adams
2155,Hans Burkhardt
2156,Cleve Gray
2157,Jack Tworkov
2158,David Simpson
2159,Louise Lawler
2160,Douglas Gordon
2161,Dustin Yellin
2162,Arnaldo Pomodoro
2163,Stephen G. Rhodes
2164,Susan Rothenberg
2165,Zoe Leonard
2166,Ernst Haas
2167,Jules Olitski
2168,James Brooks
2169,David Salle
2170,Karin Davie
2171,William T. Wiley
2172,Michael Goldberg
2173,Ormond Gigli
2174,Takis
2175,Peter Coffin
2176,Tsuguharu Foujita
2177,Edouard Pignon
2178,Alberto Giacometti
2179,Idris Khan
2180,Almir Mavignier
2181,Ben Nicholson
2182,Maria Helena Vieira da Silva
2183,Paul Morrison
2184,Giorgio Morandi
2185,Pierre Bonnard
2186,Various & Gould
2187,Adel Abdessemed
2188,Anton Henning
2189,Getulio Alviani
2190,Ignacio Uriarte
2191,Peter Fischli & David Weiss
2192,Jeppe Hein
2193,Rachel Whiteread
2194,Richard Wentworth
2195,Nicole Eisenman
2196,Gavin Bond
2197,Mary Heilmann
2198,Artie Vierkant
2199,Jacob Kassay
2200,Shinique Smith
2201,Jean Arp
2202,Oyvind Fahlstrom
2203,John Hoyland
2204,Sergio Garcia
2205,Peter Combe
2206,Frantisek Drtikol
2207,Edward Steichen
2208,Andrew Moore
2209,Mary Fedden
2210,Sarah Morris
2211,Michael Eastman
2212,Roni Horn
2213,Dalek
2214,Dolk
2215,Cantstopgoodboy
2216,Jason Woodside
2217,Giovanni Battista Piranesi
2218,Otto Schade
2219,Yasuhiro Ishimoto
2220,Michael Loew
2221,George Segal
2222,Jack Whitten
2223,Allen Ruppersberg
2224,Barbara Schwartz
2225,Valentin Carron
2226,Vera Lutter
2227,Isa Genzken
2228,Joyce Pensato
2229,Sarah Lucas
2230,Shozo Shimamoto
2231,Park Seo-bo
2232,Auguste Rodin
2233,Xue Song
2234,Olivier Mosset
2235,Jules Cheret
2236,Elizabeth Murray
2237,George Tooker
2238,Lee Bontecou
2239,Leonetto Cappiello
2240,Osvaldo Borsani
2241,Stuart Davis
2242,Tatiana Trouve
2243,Scott Scheidly
2244,Alexandre Da Cunha
2245,James Lee Byars
2246,Diego Rivera
2247,Julio Larraz
2248,Nat Fein
2249,Egon Schiele
2250,Harry Bertoia
2251,Horst Antes
2252,Leopold Rabus
2253,Daan van Golden
2254,Adam Lister
2255,Ador
2256,Bortusk Leer
2257,Gonzalo Fuenmayor
2258,Pino Pinelli
2259,Larry Bell
2260,Liza Lou
2261,Andrea Wan
2262,Doze Green
2263,Carlos Mare
2264,Hank Willis Thomas
2265,Tavares Strachan
2266,Steph Cop
2267,Arne Quinze
2268,Yozo Hamaguchi
2269,Donald Lipski
2270,Peter Winslow Milton
2271,Shusaku Arakawa
2272,Giosetta Fioroni
2273,Perino e Vele
2274,Yasuo Sumi
2275,Mau Mau
2276,Manuel Merida
2277,Peter Sutherland
2278,Sylvie Fleury
2279,Micha Klein
2280,Charming Baker
2281,James Joyce
2282,Oakoak
2283,Evan Hecox
2284,Zest
2285,Maye
2286,Matthew Craven
2287,Graphic Surgery
2288,Bradley Hart
2289,Sergej Vutuc
2290,Sally West
2291,Atsushi Kaga
2292,Neil Beloufa
2293,Santiago Rubino
2294,MonkeyBird
2295,Valerie Snobeck
2296,Jorinde Voigt
2297,Jose Damasceno
2298,Sweet Toof
2299,Jerome Mesnager
2300,Neil Welliver
2301,Will Boone
2302,Arturo Herrera
2303,Tony Matelli
2304,Joan Cornella
2305,Alexander Liberman
2306,Inigo Manglano-Ovalle
2307,Jay DeFeo
2308,Alex Garant
2309,Maria Rivans
2310,Bordalo II
2311,Maximino Javier
2312,Mr Cenz
2313,Tomma Abts
2314,Norbert Schwontkowski
2315,Jason Sims
2316,Kadar Brock
2317,Zhang Haiying
2318,Prefab77
2319,Margrethe Mather
2320,Paul Thek
2321,Alicja Kwade
2322,Julio Le Parc
2323,Christian Ludwig Attersee
2324,Nathan Oliveira
2325,Leonard Freed
2326,Jimmy De Sana
2327,Cherry Goldenberg
2328,John Salt
2329,3F
2330,Luis Camnitzer
2331,Peter Nagy
2332,Philippe Herard
2333,Leni Riefenstahl
2334,Lauren YS
2335,OG Slick
2336,Thea Djordjadze
2337,Roberto Crippa
2338,Tomoya Tsukamoto
2339,Bisser
2340,Jo Di Bona
2341,Ettore Sottsass
2342,Campana Brothers
2343,Dorothea Tanning
2344,Ossip Zadkine
2345,Henri Privat-Livemont
2346,Fritz Wotruba
2347,Hugues Claude Pissarro
2348,Paul Augustin Aizpiri
2349,Francois Gall
2350,Sayre Gomez
2351,Reuven Rubin
2352,Paul-Emile Pissarro
2353,Paul Citroen
2354,Paul Sarkisian
2355,Gabriele Dal Dosso
2356,RNST
2357,Richard Deacon
2358,Celia Philo
2359,Alekos Fassianos
2360,Richard Zu Ming Ho
2361,S.P. Jayakar
2362,Shannon Crees
2363,Keiichi Tanaami
2364,Eric Foenander
2365,Srihadi Soedarsono
2366,Eyvind Earle
2367,G.A. Dandekar
2368,He Neng
2369,Jiang Li
2370,Jeff Gillette
2371,Robert Davis
2372,Li Hongbo
2373,Ida Tursic & Wilfried Mille
2374,Anne Collier
2375,Christopher Le Brun
2376,Shara Hughes
2377,James Rosati
2378,Walter Robinson
2379,Peter Keetman
2380,Snik
2381,Pan Jian
2382,Paul Colin
2383,Thomas Bayrle
2384,Raul de la Torre
2385,George Morton-Clark
2386,Nuno Viegas
2387,John Coplans
2388,Issei Suda
2389,Abraham Palatnik
2390,Greg Guillemin
2391,Wang Yigang
2392,Jean-Claude Quilici
2393,Jean-Paul Donadini
2394,Jolene Lai
2395,Yunizar
2396,Leonardo Cremonini
2397,Erwin Bechtold
2398,Kozo Inoue
2399,Friedrich Meckseper
2400,Josep Guinovart
2401,J.J.J. Rigal
2402,Charles Fazzino
2403,Mike Dargas
2404,John Zoller
2405,Maki Hosokawa
2406,James Verbicky
2407,Laurie Anderson
2408,Anthony Clarkson
2409,Darryl Pottorf
2410,Brian M. Viveros
2411,Donald Moffett
2412,Jean Jansem
2413,Marc Swanson
2414,Gilles Aillaud
2415,Alvaro Naddeo
2416,Hubert Scheibl
2417,David Choong Lee
2418,Mr Doodle
2419,Miguel Angel Rojas
2420,Jessy Nite
2421,Barry Le Va
2422,George Platt Lynes
2423,Robert Gwathmey
2424,Enrico Donati
2425,Cinta Vidal
2426,Angelo Accardi
2427,Karl Lagasse
2428,Julia Wachtel
2429,Lee Jeonglok
2430,Judith Lauand
2431,Lothar Charoux
2432,Carlos Merida
2433,Zoe Moss
2434,Armando Morales
2435,Amy Sol
2436,Kim Chong Hak
2437,Yuri Kuper
2438,Lauren Luloff
2439,Olav Westphalen
2440,Michael Scoggins
2441,Chen Ke
2442,John von Wicht
2443,Titus Kaphar
2444,Mikhail Margolis
2445,Mitchell Squire
2446,Janaina Tschape
2447,Glenn Kaino
2448,Yohanan Simon
2449,Emmanuelle Rybojad
2450,Andi Soto
2451,John Paul Fauves
2452,Salvatore Grippi
2453,Sean Keith
2454,Zhuang Hong Yi
2455,Ursula von Rydingsvard
2456,Jimmie Durham
2457,Andrei Krioukov
2458,Rene Genis
2459,Joseph Renda Jr.
2460,Lino Lago
2461,Bill Martin
2462,Robert The
2463,Roy Newell
2464,Jean Xceron
2465,Max Ingrand
2466,Paul Soldner
2467,Shadi Ghadirian
2468,Berto Lardera
2469,Moyra Davey
2470,Anne Pagana
2471,John Seery
2472,Anne Imhof
2473,Christina Quarles
2474,Robert Zakanitch
2475,Raymond Waydelich
2476,Otto Herbert Hajek
2477,Kim MacConnel
2478,Florian Eymann
2479,Add Fuel
2480,Ken Davis
2481,Friz Freleng
2482,Vincent Longo
2483,Linde
2484,Alice Valenstein
2485,Paul Davis
2486,Linnea Pergola
2487,Ivan Chermayeff
2488,R.C. Gorman
2489,Antonio Frasconi
2490,Joseph Piccillo
2491,Roberto De Lamonica
2492,Abhijit Paul
2493,Soumya K. Chakraborty
2494,Sri Pramono
2495,AT Sitompul
2496,Januri
2497,Fery Eka Chandra
2498,Harun
2499,Ian Burns
2500,Angel Marcos
2501,Brian McKee
2502,Chen Shuo
2503,Leila Pazooki
2504,I Gede Oka Astawa
2505,Fatoni Makturodi
2506,Frederick Haucke
2507,William King
2508,Neil Williams
2509,Lloyd Hamrol
2510,Dan Rizzie
2511,Robert Dash
2512,Joseph Stella
2513,Oscar Bluemner
2514,Jae Jarrell
2515,Lyle Ashton Harris
2516,Kim Abeles
2517,Rex Ashlock
2518,Maurizio Cattelan and Pierpaolo Ferrari
2519,Gwladys Alonzo
2520,Jose Leon Cerrillo
2521,Jean Terry Efiaimbelo
2522,Patrick Lee
2523,Morgane Tschiember
2524,Cameron Jamie
2525,Bob Faust
2526,Paul Calle
2527,Felipe Chavez
2528,Herman Cherry
2529,Leandro Feal
2530,Lois Gross Smiley
2531,Alejandro Campins
2532,Phil Sims
2533,Gabriella Crespi
2534,Siegfried Anzinger
2535,Anna Bella Geiger
2536,Manfredo de Souzanetto
2537,Willys de Castro
2538,Juan Araujo
2539,Fernanda Gomes
2540,Hermelindo Fiaminghi
2541,Marepe
2542,Jorge Caraballo
2543,Cicero Dias
2544,Ivan Cardoso
2545,Oscar Niemeyer
2546,Tonico Lemos Auad
2547,Carlos Alberto Fajardo
2548,Marcelo Brodsky
2549,Antonio Manuel
2550,Radames 'Juni' Figueroa
2551,Maria Leontina
2552,Wilma Martins
2553,Carolina Martinez
2554,Joaquim Tenreiro
2555,Edgardo Antonio Vigo
2556,Caio Reisewitz
2557,Ivens Machado
2558,Franz Weissmann
2559,Cabelo
2560,Vicente do Rego Monteiro
2561,Ana Prata
2562,Robert Kinmont
2563,Hedda Sterne
2564,Marcius Galan
2565,August Muth
2566,Georges Rousse
2567,Chen Jiagang
2568,Walshe
2569,Jean-Pierre Clement
2570,Barbara Kolo
2571,Michael Amar
2572,Leon Keer
2573,Gregory Van Maanen
2574,Jamie Martinez
2575,Antoine Poncet
2576,Elie Abrahami
2577,Rodolfo Opazo Bernales
2578,Robert Cronbach
2579,Sandra Lawrence
2580,Raimundo de Oliveira
2581,Jose Luis Figueroa
2582,Colleen Browning
2583,Audrey Keeperman
2584,Max Karp
2585,Alan Cote
2586,Ronnie Landfield
2587,Petra McCarthy
2588,Thomas Akawie
2589,Ford Beckman
2590,Vincent Jean Baptiste Chevilliard
2591,Judith Bernstein
2592,Stephan Strocen
2593,George Chemeche
2594,Susan Elias
2595,William Gropper
2596,Mary Vickers
2597,Bong-Kyu Ahn
2598,Nicholas Riley
2599,William Pettet
2600,Arbit Blatas
2601,Marcos Yrizarry
2602,Manuel Izquierdo
2603,Corinna Heumann
2604,Joe Eula
2605,Jean Sariano
2606,Akira Kurosaki
2607,Lester Gaba
2608,Peter Young
2609,Pierre Lesieur
2610,Gina Lombardi Bratter
2611,Paul Sieffert
2612,Joachim Probst
2613,Mykola Vasyl Krychevsky
2614,Alois Lecoque
2615,Henry Koerner
2616,Raymond Abner
2617,Christian Jaccard
2618,Rudi Stern
2619,Paul Bloodgood
2620,Rosana Castrillo Diaz
2621,Emmet Edwards
2622,Shirley Shor
2623,Jonah Kinigstein
2624,David Porter
2625,Zhoujie Zhang
2626,David Schluss
2627,Russ Elliott
2628,Noh Sang-Kyoon
2629,Sid Maurer
2630,Lawrence Madine
2631,Stanley Lewis
2632,Edward Sokol
2633,Sergio Gonzalez-Tornero
2634,Ruperto Cabrera
2635,Sandu Liberman
2636,Lynn Goldsmith
2637,Lawrence Stafford
2638,Boris Zaborov
2639,Warner Friedman
2640,Samuel Zulkis
2641,Seth Michael Forman
2642,Robert Kusmirowski
2643,Lee Casbeer
2644,Armando Villagran
2645,Aleksandra Shatokhina
2646,Emilio Sanchez
2647,Ge-Karel van der Sterren
2648,Bill Ward
2649,Merry Alpern
2650,John H. Kinnear
2651,Claudio Juarez
2652,Peter W. Rogers
2653,Bruno Cassinari
2654,John Thomas Biggers
2655,Gilou Brillant
2656,Ray Charles White
2657,John Bowman
2658,Miroslav Sutej
2659,Edward Hansen
2660,Doria Higgins
2661,Francisca Sutil
2662,Grisha Bruskin
2663,Alexander Brodsky
2664,Clayton Pond
2665,Harold James Cleworth
2666,Harold Krisel
2667,Franz Ringel
2668,Eugene Berman
2669,Fabrizio Plessi
2670,Betsabee Romero
2671,Michael Mckenzie
2672,Michael David
2673,Niels Nielsen
2674,Richard Gilbert
2675,Froylan Ojeda
2676,Jacques Clermont
2677,Howard Bradford
2678,Kenneth Frazier
2679,Jiha Moon
2680,Ryan Travis Christian
2681,Philip Perkins
2682,Clyde Butcher
2683,Fernanda Fragateiro
2684,Mauro Bonacina
2685,Jean Louis Liberte
2686,Sebastian
2687,Paul Maxwell
2688,Armando Ahuatzi
2689,David Frances Barry
2690,Lee Bann
2691,Charles Magistro
2692,Jeffrey Maron
2693,Hans Behrens
2694,Fidel Corpus
2695,Lorenzo Quinn
2696,Afra and Tobia Scarpa
2697,Maria Spissu Nilson
2698,Joan Canals
2699,Tadahiko Ikegaki
